"","euftf","edlvdie","eduyrs","hinctnta","trstplt","imwbcnt","gndr","agea","brncntr","euftf_re","edu_cat"
"20544",5,3,13,NA,6,0,1,67,1,5,"Junior Cycle"
"20545",8,13,15,3,6,8,2,65,1,2,"Bachelor Degree"
"20546",NA,7,13,3,7,8,2,86,1,NA,"Leaving Certificate"
"20547",6,7,13,NA,3,6,2,42,1,4,"Leaving Certificate"
"20548",NA,4,12,NA,0,5,1,47,1,NA,"Junior Cycle"
"20549",5,2,13,2,0,6,1,61,1,5,"Junior Cycle"
"20550",NA,14,16,NA,5,7,1,20,1,NA,"Bachelor Degree"
"20551",7,15,19,3,7,5,2,62,1,3,"Bachelor Degree"
"20552",0,16,19,NA,3,10,1,51,2,10,"Postgraduate Degree"
"20553",8,17,19,10,4,10,1,46,2,2,"Postgraduate Degree"
"20554",NA,1,5,NA,8,8,2,80,1,NA,"Junior Cycle"
"20555",5,18,NA,4,0,10,2,35,1,5,"Postgraduate Degree"
"20556",1,1,10,1,5,5,1,82,1,9,"Junior Cycle"
"20557",8,6,14,5,0,5,2,35,1,2,"Leaving Certificate"
"20558",7,14,17,7,3,8,1,23,2,3,"Bachelor Degree"
"20559",10,NA,14,NA,NA,10,2,29,2,0,NA
"20560",7,5,12,NA,6,7,1,35,2,3,"Leaving Certificate"
"20561",5,1,6,NA,3,6,2,83,1,5,"Junior Cycle"
"20562",2,12,17,7,4,6,1,42,1,8,"Advanced Certificate"
"20563",NA,13,15,NA,6,4,2,32,1,NA,"Bachelor Degree"
"20564",0,3,9,2,5,0,2,82,1,10,"Junior Cycle"
"20565",6,7,13,7,4,8,1,39,1,4,"Leaving Certificate"
"20566",0,15,16,NA,0,3,1,54,1,10,"Bachelor Degree"
"20567",1,3,16,3,5,5,2,83,1,9,"Junior Cycle"
"20568",5,15,16,7,5,7,1,83,1,5,"Bachelor Degree"
"20569",9,6,16,3,5,10,1,NA,2,1,"Leaving Certificate"
"20570",5,16,NA,NA,2,6,2,73,1,5,"Postgraduate Degree"
"20571",5,3,10,NA,0,4,1,75,1,5,"Junior Cycle"
"20572",3,7,NA,NA,2,10,1,22,2,7,"Leaving Certificate"
"20573",2,4,12,2,0,3,1,NA,1,8,"Junior Cycle"
"20574",9,6,13,NA,NA,10,2,39,2,1,"Leaving Certificate"
"20575",5,8,13,NA,5,10,2,53,1,5,"Leaving Certificate"
"20576",5,7,20,3,1,5,2,44,1,5,"Leaving Certificate"
"20577",8,10,15,7,0,8,1,49,2,2,"Advanced Certificate"
"20578",NA,14,19,NA,6,5,1,45,1,NA,"Bachelor Degree"
"20579",9,6,14,1,6,8,2,80,1,1,"Leaving Certificate"
"20580",8,14,17,10,7,9,2,50,2,2,"Bachelor Degree"
"20581",5,13,54,4,5,6,1,80,1,5,"Bachelor Degree"
"20582",8,3,10,4,1,4,1,74,1,2,"Junior Cycle"
"20583",3,2,7,NA,3,5,1,89,1,7,"Junior Cycle"
"20584",1,13,18,8,2,6,2,73,1,9,"Bachelor Degree"
"20585",3,2,11,3,1,6,1,40,1,7,"Junior Cycle"
"20586",5,1,5,NA,0,3,1,72,1,5,"Junior Cycle"
"20587",9,6,18,2,5,8,2,28,1,1,"Leaving Certificate"
"20588",9,4,11,2,1,8,1,66,1,1,"Junior Cycle"
"20589",5,7,14,NA,3,9,1,19,1,5,"Leaving Certificate"
"20590",4,6,13,NA,8,7,2,67,1,6,"Leaving Certificate"
"20591",4,13,16,NA,3,4,1,63,1,6,"Bachelor Degree"
"20592",NA,10,17,4,2,6,2,31,1,NA,"Advanced Certificate"
"20593",0,2,8,1,4,1,2,68,1,10,"Junior Cycle"
"20594",8,16,20,10,3,9,2,40,1,2,"Postgraduate Degree"
"20595",NA,7,13,NA,7,3,2,70,1,NA,"Leaving Certificate"
"20596",6,6,16,5,0,10,1,34,1,4,"Leaving Certificate"
"20597",4,4,12,NA,7,6,2,65,1,6,"Junior Cycle"
"20598",7,12,15,8,7,5,2,41,1,3,"Advanced Certificate"
"20599",4,6,16,10,5,6,1,19,1,6,"Leaving Certificate"
"20600",5,17,19,5,8,8,1,41,2,5,"Postgraduate Degree"
"20601",0,6,13,NA,0,5,2,42,1,10,"Leaving Certificate"
"20602",6,7,14,NA,2,2,2,42,1,4,"Leaving Certificate"
"20603",2,6,13,5,5,8,1,63,2,8,"Leaving Certificate"
"20604",5,3,11,1,0,1,1,51,1,5,"Junior Cycle"
"20605",NA,5,12,1,5,5,1,58,1,NA,"Leaving Certificate"
"20606",5,15,18,7,5,10,1,29,1,5,"Bachelor Degree"
"20607",5,6,15,7,7,10,2,60,2,5,"Leaving Certificate"
"20608",0,10,15,3,0,0,2,27,1,10,"Advanced Certificate"
"20609",NA,13,14,2,2,9,1,24,1,NA,"Bachelor Degree"
"20610",NA,7,13,NA,4,8,2,64,1,NA,"Leaving Certificate"
"20611",6,2,16,NA,0,5,2,73,1,4,"Junior Cycle"
"20612",5,9,13,6,1,8,1,30,1,5,"Leaving Certificate"
"20613",2,6,15,5,2,5,1,38,1,8,"Leaving Certificate"
"20614",10,2,10,NA,6,5,2,67,1,0,"Junior Cycle"
"20615",8,6,14,7,3,5,2,70,1,2,"Leaving Certificate"
"20616",8,3,12,2,4,8,1,65,2,2,"Junior Cycle"
"20617",NA,3,NA,NA,8,4,2,56,1,NA,"Junior Cycle"
"20618",5,13,16,8,3,8,1,49,1,5,"Bachelor Degree"
"20619",6,10,14,NA,8,7,2,61,1,4,"Advanced Certificate"
"20620",3,6,13,7,3,5,1,57,1,7,"Leaving Certificate"
"20621",NA,13,20,5,3,8,1,30,2,NA,"Bachelor Degree"
"20622",NA,2,7,NA,6,5,2,84,1,NA,"Junior Cycle"
"20623",8,7,13,4,7,6,2,75,1,2,"Leaving Certificate"
"20624",NA,6,13,NA,8,7,1,72,1,NA,"Leaving Certificate"
"20625",8,6,14,3,10,NA,2,49,1,2,"Leaving Certificate"
"20626",5,1,8,1,2,4,1,NA,1,5,"Junior Cycle"
"20627",NA,7,14,1,6,4,2,28,1,NA,"Leaving Certificate"
"20628",5,4,17,NA,3,0,1,74,2,5,"Junior Cycle"
"20629",3,15,16,8,4,8,2,46,1,7,"Bachelor Degree"
"20630",8,16,18,9,4,9,1,74,1,2,"Postgraduate Degree"
"20631",8,17,21,NA,4,10,1,30,1,2,"Postgraduate Degree"
"20632",NA,14,16,6,4,8,1,50,1,NA,"Bachelor Degree"
"20633",8,4,12,NA,5,6,2,52,2,2,"Junior Cycle"
"20634",2,12,16,6,3,5,2,37,1,8,"Advanced Certificate"
"20635",9,13,18,7,3,7,2,30,1,1,"Bachelor Degree"
"20636",6,17,19,10,5,9,2,46,1,4,"Postgraduate Degree"
"20637",3,3,14,NA,0,7,1,63,1,7,"Junior Cycle"
"20638",7,6,15,NA,4,7,2,29,1,3,"Leaving Certificate"
"20639",6,7,14,2,5,6,2,33,1,4,"Leaving Certificate"
"20640",NA,3,11,1,0,7,2,65,1,NA,"Junior Cycle"
"20641",7,14,16,6,5,7,2,37,1,3,"Bachelor Degree"
"20642",NA,3,13,2,0,2,2,38,1,NA,"Junior Cycle"
"20643",6,13,17,5,6,8,2,43,1,4,"Bachelor Degree"
"20644",6,6,14,2,2,8,2,54,1,4,"Leaving Certificate"
"20645",0,8,16,1,1,3,1,56,1,10,"Leaving Certificate"
"20646",4,17,24,2,1,9,2,50,2,6,"Postgraduate Degree"
"20647",8,7,14,5,8,9,2,43,2,2,"Leaving Certificate"
"20648",5,6,13,2,0,3,2,40,1,5,"Leaving Certificate"
"20649",1,2,9,4,0,4,1,74,2,9,"Junior Cycle"
"20650",6,3,11,NA,3,8,1,69,1,4,"Junior Cycle"
"20651",8,6,15,7,4,10,1,41,1,2,"Leaving Certificate"
"20652",5,3,9,2,6,NA,2,82,1,5,"Junior Cycle"
"20653",2,14,21,7,2,4,1,45,1,8,"Bachelor Degree"
"20654",5,9,16,7,4,4,1,51,1,5,"Leaving Certificate"
"20655",3,15,16,5,1,5,2,NA,1,7,"Bachelor Degree"
"20656",5,3,12,NA,2,1,1,47,1,5,"Junior Cycle"
"20657",8,7,13,NA,8,5,1,42,1,2,"Leaving Certificate"
"20658",4,2,6,2,4,5,2,52,1,6,"Junior Cycle"
"20659",2,17,22,10,7,9,1,53,2,8,"Postgraduate Degree"
"20660",6,6,14,5,7,7,1,75,1,4,"Leaving Certificate"
"20661",5,6,13,5,NA,10,2,44,2,5,"Leaving Certificate"
"20662",7,18,18,3,7,6,1,42,1,3,"Postgraduate Degree"
"20663",3,6,14,2,7,7,1,66,1,7,"Leaving Certificate"
"20664",5,16,16,6,5,10,2,48,1,5,"Postgraduate Degree"
"20665",6,3,12,NA,7,8,1,18,1,4,"Junior Cycle"
"20666",5,16,16,9,NA,7,1,27,2,5,"Postgraduate Degree"
"20667",NA,6,13,4,0,5,2,45,1,NA,"Leaving Certificate"
"20668",5,16,19,6,5,9,2,44,1,5,"Postgraduate Degree"
"20669",6,4,14,5,2,8,2,50,1,4,"Junior Cycle"
"20670",9,6,13,9,6,10,1,67,1,1,"Leaving Certificate"
"20671",6,17,19,NA,1,8,1,24,1,4,"Postgraduate Degree"
"20672",7,7,14,3,7,7,2,41,1,3,"Leaving Certificate"
"20673",7,3,11,2,3,8,1,80,1,3,"Junior Cycle"
"20674",9,6,13,5,8,8,1,71,1,1,"Leaving Certificate"
"20675",8,17,22,9,4,3,2,43,2,2,"Postgraduate Degree"
"20676",6,17,16,10,7,10,1,43,1,4,"Postgraduate Degree"
"20677",5,15,17,3,3,7,2,56,2,5,"Bachelor Degree"
"20678",NA,16,18,NA,1,3,2,49,1,NA,"Postgraduate Degree"
"20679",10,10,15,NA,7,7,2,68,1,0,"Advanced Certificate"
"20680",2,2,13,NA,8,3,1,75,1,8,"Junior Cycle"
"20681",4,7,13,1,4,10,2,56,2,6,"Leaving Certificate"
"20682",7,5,12,3,4,1,1,27,1,3,"Leaving Certificate"
"20683",7,12,17,NA,8,8,2,80,1,3,"Advanced Certificate"
"20684",1,9,15,8,6,8,1,54,1,9,"Leaving Certificate"
"20685",5,15,16,4,5,7,2,51,1,5,"Bachelor Degree"
"20686",10,13,22,10,2,10,1,45,1,0,"Bachelor Degree"
"20687",8,16,19,7,5,8,2,72,1,2,"Postgraduate Degree"
"20688",7,3,11,3,4,2,2,62,1,3,"Junior Cycle"
"20689",0,2,7,NA,2,6,2,56,1,10,"Junior Cycle"
"20690",NA,14,17,3,NA,10,1,29,2,NA,"Bachelor Degree"
"20691",3,17,18,NA,1,10,1,54,1,7,"Postgraduate Degree"
"20692",8,9,14,2,6,8,1,45,2,2,"Leaving Certificate"
"20693",7,13,17,NA,4,10,2,61,1,3,"Bachelor Degree"
"20694",3,2,8,NA,9,5,1,70,1,7,"Junior Cycle"
"20695",NA,13,18,NA,8,5,2,44,1,NA,"Bachelor Degree"
"20696",0,13,16,NA,1,4,1,49,1,10,"Bachelor Degree"
"20697",6,6,14,6,3,1,2,53,1,4,"Leaving Certificate"
"20698",7,15,17,9,6,8,2,36,1,3,"Bachelor Degree"
"20699",8,6,16,10,NA,8,1,50,1,2,"Leaving Certificate"
"20700",4,3,11,NA,2,9,1,40,1,6,"Junior Cycle"
"20701",5,6,16,NA,6,7,2,20,1,5,"Leaving Certificate"
"20702",2,1,6,5,4,1,1,86,1,8,"Junior Cycle"
"20703",7,17,18,6,7,7,1,41,2,3,"Postgraduate Degree"
"20704",6,10,14,5,2,6,2,45,1,4,"Advanced Certificate"
"20705",5,3,13,NA,0,5,2,33,1,5,"Junior Cycle"
"20706",8,2,8,1,2,6,1,78,1,2,"Junior Cycle"
"20707",5,6,13,NA,5,10,2,40,2,5,"Leaving Certificate"
"20708",2,12,14,NA,0,1,1,70,1,8,"Advanced Certificate"
"20709",9,17,21,7,6,9,2,58,1,1,"Postgraduate Degree"
"20710",7,15,17,2,6,10,2,72,1,3,"Bachelor Degree"
"20711",10,6,13,1,4,8,2,79,1,0,"Leaving Certificate"
"20712",9,12,18,3,1,5,2,50,1,1,"Advanced Certificate"
"20713",5,10,15,NA,5,3,2,50,1,5,"Advanced Certificate"
"20714",NA,7,14,NA,7,8,2,34,1,NA,"Leaving Certificate"
"20715",4,5,12,NA,4,6,2,46,1,6,"Leaving Certificate"
"20716",10,14,18,NA,1,6,2,24,2,0,"Bachelor Degree"
"20717",NA,14,16,4,NA,5,2,23,2,NA,"Bachelor Degree"
"20718",7,7,14,NA,8,6,1,72,1,3,"Leaving Certificate"
"20719",6,16,18,5,2,8,2,40,2,4,"Postgraduate Degree"
"20720",5,3,11,1,2,2,2,64,1,5,"Junior Cycle"
"20721",5,17,17,7,7,10,1,57,2,5,"Postgraduate Degree"
"20722",8,1,5,NA,NA,7,1,25,2,2,"Junior Cycle"
"20723",10,6,14,NA,NA,8,2,27,2,0,"Leaving Certificate"
"20724",9,3,8,3,4,6,2,64,1,1,"Junior Cycle"
"20725",7,6,18,NA,0,6,2,55,1,3,"Leaving Certificate"
"20726",8,7,14,8,5,8,2,30,1,2,"Leaving Certificate"
"20727",6,12,15,4,4,9,2,36,2,4,"Advanced Certificate"
"20728",3,2,8,3,7,7,2,76,1,7,"Junior Cycle"
"20729",5,6,14,5,8,4,2,42,1,5,"Leaving Certificate"
"20730",4,17,17,NA,1,4,2,37,1,6,"Postgraduate Degree"
"20731",5,6,13,NA,5,NA,2,34,1,5,"Leaving Certificate"
"20732",6,17,19,8,7,9,2,43,1,4,"Postgraduate Degree"
"20733",NA,8,15,7,6,NA,2,38,1,NA,"Leaving Certificate"
"20734",9,7,15,3,5,9,1,30,2,1,"Leaving Certificate"
"20735",6,3,16,3,1,9,1,80,2,4,"Junior Cycle"
"20736",6,14,18,NA,6,8,1,32,2,4,"Bachelor Degree"
"20737",5,12,14,NA,7,5,2,84,1,5,"Advanced Certificate"
"20738",10,4,10,NA,10,10,2,47,2,0,"Junior Cycle"
"20739",NA,6,14,NA,5,6,1,21,1,NA,"Leaving Certificate"
"20740",8,6,15,4,9,9,1,41,1,2,"Leaving Certificate"
"20741",8,12,28,NA,6,5,1,44,1,2,"Advanced Certificate"
"20742",7,6,14,NA,7,7,1,30,1,3,"Leaving Certificate"
"20743",10,6,13,4,0,10,2,63,2,0,"Leaving Certificate"
"20744",5,7,13,2,6,4,2,43,1,5,"Leaving Certificate"
"20745",7,13,18,6,6,8,2,43,2,3,"Bachelor Degree"
"20746",7,18,23,8,7,10,2,60,1,3,"Postgraduate Degree"
"20747",NA,12,15,NA,3,5,1,40,1,NA,"Advanced Certificate"
"20748",10,6,14,2,6,10,1,72,1,0,"Leaving Certificate"
"20749",2,3,11,NA,1,5,2,57,1,8,"Junior Cycle"
"20750",7,8,16,NA,5,5,1,61,1,3,"Leaving Certificate"
"20751",6,8,16,NA,0,1,1,64,1,4,"Leaving Certificate"
"20752",NA,16,NA,NA,5,NA,2,NA,8,NA,"Postgraduate Degree"
"20753",9,7,13,5,7,9,2,83,1,1,"Leaving Certificate"
"20754",NA,16,18,5,9,NA,1,32,2,NA,"Postgraduate Degree"
"20755",6,3,14,NA,8,8,1,19,1,4,"Junior Cycle"
"20756",2,1,8,2,3,8,2,84,1,8,"Junior Cycle"
"20757",1,6,13,2,5,2,1,69,1,9,"Leaving Certificate"
"20758",9,17,21,10,3,8,2,43,2,1,"Postgraduate Degree"
"20759",8,14,19,10,1,9,2,39,1,2,"Bachelor Degree"
"20760",5,16,19,7,3,9,2,36,1,5,"Postgraduate Degree"
"20761",10,2,8,3,7,10,2,72,1,0,"Junior Cycle"
"20762",8,3,10,2,0,7,2,40,1,2,"Junior Cycle"
"20763",4,14,16,NA,6,7,1,34,1,6,"Bachelor Degree"
"20764",7,2,8,2,7,NA,1,79,1,3,"Junior Cycle"
"20765",8,7,15,4,NA,9,1,38,2,2,"Leaving Certificate"
"20766",5,6,13,2,5,6,2,55,1,5,"Leaving Certificate"
"20767",5,13,18,NA,5,5,2,NA,1,5,"Bachelor Degree"
"20768",9,17,20,NA,7,8,2,36,1,1,"Postgraduate Degree"
"20769",7,14,18,6,7,8,2,42,1,3,"Bachelor Degree"
"20770",8,6,15,2,5,10,2,25,2,2,"Leaving Certificate"
"20771",5,5,12,2,2,7,1,25,1,5,"Leaving Certificate"
"20772",5,16,19,NA,6,5,2,41,1,5,"Postgraduate Degree"
"20773",3,15,20,9,5,7,1,36,1,7,"Bachelor Degree"
"20774",5,8,19,NA,1,4,1,55,1,5,"Leaving Certificate"
"20775",3,6,14,7,5,8,1,45,1,7,"Leaving Certificate"
"20776",8,1,7,7,8,8,1,67,1,2,"Junior Cycle"
"20777",8,3,10,NA,6,6,1,72,1,2,"Junior Cycle"
"20778",NA,14,21,NA,5,3,2,33,1,NA,"Bachelor Degree"
"20779",1,17,18,4,3,3,1,45,2,9,"Postgraduate Degree"
"20780",7,2,13,2,4,8,1,NA,1,3,"Junior Cycle"
"20781",7,3,10,3,3,6,2,67,1,3,"Junior Cycle"
"20782",6,17,20,5,7,9,2,38,1,4,"Postgraduate Degree"
"20783",8,14,18,NA,7,10,2,74,1,2,"Bachelor Degree"
"20784",10,2,9,5,6,10,1,79,1,0,"Junior Cycle"
"20785",5,4,8,NA,1,8,1,55,1,5,"Junior Cycle"
"20786",6,13,22,8,4,8,1,67,2,4,"Bachelor Degree"
"20787",7,1,7,7,8,7,2,NA,1,3,"Junior Cycle"
"20788",8,3,15,3,0,5,2,52,1,2,"Junior Cycle"
"20789",8,4,15,1,0,9,1,44,1,2,"Junior Cycle"
"20790",NA,7,13,2,NA,8,2,46,2,NA,"Leaving Certificate"
"20791",8,6,15,NA,NA,0,1,18,1,2,"Leaving Certificate"
"20792",6,6,14,1,0,6,1,55,1,4,"Leaving Certificate"
"20793",7,15,20,8,5,7,2,43,1,3,"Bachelor Degree"
"20794",7,8,15,7,7,2,1,39,1,3,"Leaving Certificate"
"20795",7,14,19,5,6,10,2,48,1,3,"Bachelor Degree"
"20796",8,15,16,8,5,6,2,53,1,2,"Bachelor Degree"
"20797",1,13,17,4,5,7,1,33,1,9,"Bachelor Degree"
"20798",7,13,18,6,6,7,1,47,1,3,"Bachelor Degree"
"20799",8,16,NA,5,3,4,2,54,1,2,"Postgraduate Degree"
"20800",NA,9,14,NA,NA,8,2,18,2,NA,"Leaving Certificate"
"20801",10,9,15,NA,5,NA,1,36,1,0,"Leaving Certificate"
"20802",8,16,18,5,8,8,1,44,1,2,"Postgraduate Degree"
"20803",6,6,18,NA,8,8,1,61,1,4,"Leaving Certificate"
"20804",5,17,20,NA,3,8,1,48,1,5,"Postgraduate Degree"
"20805",8,7,20,4,9,8,1,36,2,2,"Leaving Certificate"
"20806",NA,2,9,2,1,5,2,43,1,NA,"Junior Cycle"
"20807",7,12,17,NA,7,5,2,23,1,3,"Advanced Certificate"
"20808",6,4,11,2,8,9,1,34,1,4,"Junior Cycle"
"20809",3,4,13,3,4,3,2,47,1,7,"Junior Cycle"
"20810",7,4,12,NA,8,7,2,74,1,3,"Junior Cycle"
"20811",2,16,21,9,6,8,2,40,1,8,"Postgraduate Degree"
"20812",2,17,19,10,7,8,1,37,1,8,"Postgraduate Degree"
"20813",9,3,12,8,4,9,1,57,1,1,"Junior Cycle"
"20814",NA,3,10,NA,0,NA,1,37,1,NA,"Junior Cycle"
"20815",5,6,13,3,1,6,2,68,1,5,"Leaving Certificate"
"20816",10,18,20,NA,NA,NA,2,24,2,0,"Postgraduate Degree"
"20817",6,3,10,8,7,6,1,65,1,4,"Junior Cycle"
"20818",9,7,15,4,7,8,2,56,1,1,"Leaving Certificate"
"20819",5,6,NA,4,5,6,2,46,1,5,"Leaving Certificate"
"20820",3,1,5,NA,8,0,1,80,1,7,"Junior Cycle"
"20821",4,11,14,7,7,8,1,43,2,6,"Advanced Certificate"
"20822",2,9,14,4,7,8,2,NA,1,8,"Leaving Certificate"
"20823",8,7,19,NA,8,9,1,72,1,2,"Leaving Certificate"
"20824",5,14,19,NA,6,10,2,36,1,5,"Bachelor Degree"
"20825",NA,14,16,NA,5,NA,2,50,1,NA,"Bachelor Degree"
"20826",8,14,17,4,7,6,2,57,1,2,"Bachelor Degree"
"20827",8,6,13,NA,0,5,1,62,1,2,"Leaving Certificate"
"20828",6,13,24,2,6,7,1,56,1,4,"Bachelor Degree"
"20829",7,15,16,6,5,8,1,84,1,3,"Bachelor Degree"
"20830",0,8,16,NA,0,3,1,43,1,10,"Leaving Certificate"
"20831",2,13,16,NA,1,7,2,60,1,8,"Bachelor Degree"
"20832",NA,7,14,NA,NA,4,2,18,1,NA,"Leaving Certificate"
"20833",5,1,8,NA,0,4,2,69,1,5,"Junior Cycle"
"20834",8,17,18,10,8,8,2,52,1,2,"Postgraduate Degree"
"20835",9,8,13,4,8,10,1,NA,1,1,"Leaving Certificate"
"20836",NA,13,17,8,NA,8,1,30,2,NA,"Bachelor Degree"
"20837",6,15,18,NA,2,2,1,48,2,4,"Bachelor Degree"
"20838",8,15,17,8,7,7,1,58,1,2,"Bachelor Degree"
"20839",5,3,11,1,3,NA,2,82,1,5,"Junior Cycle"
"20840",8,6,16,3,5,7,1,66,1,2,"Leaving Certificate"
"20841",5,7,NA,9,6,10,1,42,1,5,"Leaving Certificate"
"20842",7,6,13,NA,4,7,1,62,1,3,"Leaving Certificate"
"20843",1,16,16,2,4,5,2,48,1,9,"Postgraduate Degree"
"20844",5,3,9,NA,3,8,1,46,1,5,"Junior Cycle"
"20845",3,17,18,NA,3,7,2,36,1,7,"Postgraduate Degree"
"20846",8,7,16,3,1,7,1,38,1,2,"Leaving Certificate"
"20847",8,6,14,6,5,8,1,85,1,2,"Leaving Certificate"
"20848",3,16,16,NA,1,4,1,57,2,7,"Postgraduate Degree"
"20849",3,2,8,NA,8,4,1,87,1,7,"Junior Cycle"
"20850",9,16,22,3,0,10,2,51,1,1,"Postgraduate Degree"
"20851",8,14,18,4,2,10,1,23,1,2,"Bachelor Degree"
"20852",0,13,17,NA,0,3,2,42,1,10,"Bachelor Degree"
"20853",3,8,15,NA,5,2,1,36,1,7,"Leaving Certificate"
"20854",7,6,13,NA,6,7,1,57,1,3,"Leaving Certificate"
"20855",10,17,51,6,10,9,2,58,2,0,"Postgraduate Degree"
"20856",NA,14,18,3,6,8,2,25,2,NA,"Bachelor Degree"
"20857",5,13,16,4,8,8,1,45,1,5,"Bachelor Degree"
"20858",6,13,18,3,8,5,1,31,2,4,"Bachelor Degree"
"20859",5,7,16,NA,6,10,2,38,2,5,"Leaving Certificate"
"20860",10,10,14,8,0,9,1,30,1,0,"Advanced Certificate"
"20861",7,16,18,9,3,7,2,42,1,3,"Postgraduate Degree"
"20862",NA,18,17,NA,0,6,1,72,1,NA,"Postgraduate Degree"
"20863",7,14,18,5,8,8,1,35,1,3,"Bachelor Degree"
"20864",6,3,11,4,4,7,2,74,1,4,"Junior Cycle"
"20865",5,3,9,2,6,NA,2,79,1,5,"Junior Cycle"
"20866",8,18,20,9,8,9,2,62,1,2,"Postgraduate Degree"
"20867",7,3,12,2,4,9,2,69,1,3,"Junior Cycle"
"20868",8,11,17,8,4,3,1,52,1,2,"Advanced Certificate"
"20869",NA,NA,7,NA,4,7,2,71,1,NA,NA
"20870",5,3,10,NA,7,4,1,79,1,5,"Junior Cycle"
"20871",2,5,13,4,2,7,1,54,1,8,"Leaving Certificate"
"20872",7,15,16,NA,4,6,1,36,1,3,"Bachelor Degree"
"20873",7,3,10,2,0,8,1,70,1,3,"Junior Cycle"
"20874",8,6,14,4,3,8,2,73,1,2,"Leaving Certificate"
"20875",5,2,12,1,8,7,2,NA,2,5,"Junior Cycle"
"20876",9,15,16,NA,8,5,2,66,1,1,"Bachelor Degree"
"20877",6,6,13,NA,6,4,1,29,1,4,"Leaving Certificate"
"20878",8,5,13,NA,NA,7,1,36,2,2,"Leaving Certificate"
"20879",7,11,17,5,8,10,1,79,1,3,"Advanced Certificate"
"20880",6,17,17,7,4,8,2,40,1,4,"Postgraduate Degree"
"20881",8,6,13,3,1,7,2,62,1,2,"Leaving Certificate"
"20882",NA,5,14,7,10,7,1,52,2,NA,"Leaving Certificate"
"20883",NA,NA,NA,NA,5,8,2,29,1,NA,NA
"20884",5,1,8,6,7,5,1,NA,1,5,"Junior Cycle"
"20885",5,16,19,10,3,8,2,46,1,5,"Postgraduate Degree"
"20886",0,4,12,7,2,4,2,31,1,10,"Junior Cycle"
"20887",5,2,9,NA,3,7,2,80,1,5,"Junior Cycle"
"20888",7,11,16,7,6,8,1,33,1,3,"Advanced Certificate"
"20889",5,15,22,7,4,9,2,30,1,5,"Bachelor Degree"
"20890",NA,5,13,3,5,10,1,40,1,NA,"Leaving Certificate"
"20891",6,3,9,NA,9,6,1,79,1,4,"Junior Cycle"
"20892",5,6,24,8,9,9,2,52,1,5,"Leaving Certificate"
"20893",8,5,12,NA,6,9,1,78,2,2,"Leaving Certificate"
"20894",1,6,17,1,2,8,2,55,2,9,"Leaving Certificate"
"20895",8,4,10,2,3,8,1,74,1,2,"Junior Cycle"
"20896",5,6,13,NA,9,8,1,61,1,5,"Leaving Certificate"
"20897",6,16,17,7,2,2,2,56,1,4,"Postgraduate Degree"
"20898",7,14,16,NA,7,9,2,90,1,3,"Bachelor Degree"
"20899",3,3,13,NA,6,5,1,23,1,7,"Junior Cycle"
"20900",NA,4,10,NA,0,2,1,44,1,NA,"Junior Cycle"
"20901",7,7,20,2,0,7,1,41,1,3,"Leaving Certificate"
"20902",8,4,15,NA,5,6,2,48,1,2,"Junior Cycle"
"20903",4,13,17,NA,5,6,2,47,1,6,"Bachelor Degree"
"20904",0,12,18,9,5,8,1,47,1,10,"Advanced Certificate"
"20905",5,7,14,2,2,7,2,63,1,5,"Leaving Certificate"
"20906",8,14,17,4,5,8,2,71,1,2,"Bachelor Degree"
"20907",5,12,19,NA,5,8,2,65,1,5,"Advanced Certificate"
"20908",4,9,16,10,6,8,2,22,1,6,"Leaving Certificate"
"20909",5,7,13,NA,2,5,1,44,1,5,"Leaving Certificate"
"20910",5,14,18,10,4,8,1,57,1,5,"Bachelor Degree"
"20911",7,16,19,6,6,7,2,35,1,3,"Postgraduate Degree"
"20912",8,17,19,5,8,9,1,81,1,2,"Postgraduate Degree"
"20913",8,10,15,2,8,8,2,53,1,2,"Advanced Certificate"
"20914",5,9,15,NA,2,3,2,31,1,5,"Leaving Certificate"
"20915",5,15,20,5,3,10,1,26,1,5,"Bachelor Degree"
"20916",8,2,14,2,1,8,1,89,1,2,"Junior Cycle"
"20917",8,13,17,1,5,9,2,41,1,2,"Bachelor Degree"
"20918",3,14,17,NA,6,5,1,45,1,7,"Bachelor Degree"
"20919",3,2,10,1,2,7,1,80,1,7,"Junior Cycle"
"20920",5,12,15,9,0,7,2,33,1,5,"Advanced Certificate"
"20921",NA,2,8,NA,2,6,2,NA,1,NA,"Junior Cycle"
"20922",7,6,NA,8,7,5,1,60,1,3,"Leaving Certificate"
"20923",7,9,14,NA,7,8,2,75,1,3,"Leaving Certificate"
"20924",6,2,7,5,5,0,2,84,1,4,"Junior Cycle"
"20925",NA,1,5,NA,NA,5,1,35,2,NA,"Junior Cycle"
"20926",4,3,15,4,8,8,2,78,1,6,"Junior Cycle"
"20927",9,15,18,4,NA,10,2,37,2,1,"Bachelor Degree"
"20928",8,16,19,1,2,9,2,27,1,2,"Postgraduate Degree"
"20929",6,3,10,4,8,7,1,73,1,4,"Junior Cycle"
"20930",7,6,16,NA,NA,8,1,21,2,3,"Leaving Certificate"
"20931",5,14,18,3,7,7,1,27,1,5,"Bachelor Degree"
"20932",5,12,15,7,6,NA,1,33,1,5,"Advanced Certificate"
"20933",0,17,18,NA,7,10,1,30,2,10,"Postgraduate Degree"
"20934",3,14,NA,3,3,8,1,62,1,7,"Bachelor Degree"
"20935",9,10,16,3,2,7,1,60,2,1,"Advanced Certificate"
"20936",NA,6,15,NA,1,2,1,39,1,NA,"Leaving Certificate"
"20937",6,10,17,8,NA,6,1,36,2,4,"Advanced Certificate"
"20938",3,12,15,NA,2,0,2,78,1,7,"Advanced Certificate"
"20939",8,17,19,9,8,9,2,38,1,2,"Postgraduate Degree"
"20940",5,3,12,NA,1,6,1,26,2,5,"Junior Cycle"
"20941",NA,17,19,10,5,8,1,24,1,NA,"Postgraduate Degree"
"20942",5,13,NA,4,4,8,2,40,2,5,"Bachelor Degree"
"20943",8,10,14,4,8,8,2,49,1,2,"Advanced Certificate"
"20944",7,4,10,8,6,7,1,62,1,3,"Junior Cycle"
"20945",2,17,19,9,8,9,1,51,1,8,"Postgraduate Degree"
"20946",10,17,25,6,5,10,2,59,2,0,"Postgraduate Degree"
"20947",9,NA,14,NA,7,8,1,34,2,1,NA
"20948",NA,9,15,1,2,5,2,28,1,NA,"Leaving Certificate"
"20949",10,6,14,NA,4,5,2,75,1,0,"Leaving Certificate"
"20950",7,13,16,6,1,7,2,46,1,3,"Bachelor Degree"
"20951",8,6,14,8,1,2,2,53,1,2,"Leaving Certificate"
"20952",1,16,19,6,2,8,2,42,1,9,"Postgraduate Degree"
"20953",5,2,7,NA,5,7,1,76,1,5,"Junior Cycle"
"20954",9,6,15,2,3,6,2,81,1,1,"Leaving Certificate"
"20955",7,5,10,NA,9,9,2,82,1,3,"Leaving Certificate"
"20956",NA,2,8,1,3,2,1,38,1,NA,"Junior Cycle"
"20957",2,14,20,NA,10,6,1,75,1,8,"Bachelor Degree"
"20958",1,6,15,NA,NA,NA,2,19,2,9,"Leaving Certificate"
"20959",5,16,21,7,5,8,2,32,1,5,"Postgraduate Degree"
"20960",NA,6,14,2,0,8,1,61,1,NA,"Leaving Certificate"
"20961",9,4,14,3,0,7,1,59,1,1,"Junior Cycle"
"20962",7,6,18,4,0,7,1,26,1,3,"Leaving Certificate"
"20963",6,16,20,10,5,8,1,49,2,4,"Postgraduate Degree"
"20964",5,4,12,NA,0,2,2,42,1,5,"Junior Cycle"
"20965",NA,9,13,1,NA,3,2,25,1,NA,"Leaving Certificate"
"20966",2,13,21,5,5,7,2,40,1,8,"Bachelor Degree"
"20967",3,10,16,6,6,6,2,44,1,7,"Advanced Certificate"
"20968",7,6,15,1,5,7,2,53,1,3,"Leaving Certificate"
"20969",4,14,20,NA,6,8,1,38,1,6,"Bachelor Degree"
"20970",NA,13,16,8,5,8,2,40,1,NA,"Bachelor Degree"
"20971",7,17,20,9,3,7,1,36,1,3,"Postgraduate Degree"
"20972",2,7,14,NA,2,6,1,57,1,8,"Leaving Certificate"
"20973",10,7,13,NA,6,7,1,NA,1,0,"Leaving Certificate"
"20974",5,3,11,NA,2,5,1,70,1,5,"Junior Cycle"
"20975",4,3,10,5,2,10,1,46,2,6,"Junior Cycle"
"20976",7,6,13,NA,7,9,1,55,1,3,"Leaving Certificate"
"20977",9,13,17,4,1,8,2,33,1,1,"Bachelor Degree"
"20978",8,13,17,6,4,8,2,31,1,2,"Bachelor Degree"
"20979",5,15,17,NA,6,10,2,21,1,5,"Bachelor Degree"
"20980",1,14,20,6,4,1,2,44,1,9,"Bachelor Degree"
"20981",10,4,12,2,7,10,2,74,1,0,"Junior Cycle"
"20982",NA,3,12,NA,NA,8,2,29,2,NA,"Junior Cycle"
"20983",0,6,13,NA,0,8,2,44,1,10,"Leaving Certificate"
"20984",5,3,3,NA,6,7,1,49,2,5,"Junior Cycle"
"20985",NA,3,11,NA,NA,8,1,43,2,NA,"Junior Cycle"
"20986",7,3,12,2,1,7,1,80,1,3,"Junior Cycle"
"20987",6,17,24,NA,4,8,1,55,1,4,"Postgraduate Degree"
"20988",5,10,16,7,5,5,2,42,1,5,"Advanced Certificate"
"20989",NA,3,9,NA,0,0,2,64,1,NA,"Junior Cycle"
"20990",5,6,14,6,1,7,2,44,1,5,"Leaving Certificate"
"20991",5,6,15,7,6,7,2,34,1,5,"Leaving Certificate"
"20992",5,3,9,3,7,7,2,75,1,5,"Junior Cycle"
"20993",1,6,13,4,5,9,2,27,2,9,"Leaving Certificate"
"20994",4,1,5,NA,5,1,1,NA,1,6,"Junior Cycle"
"20995",1,17,20,NA,4,5,2,53,1,9,"Postgraduate Degree"
"20996",5,18,19,NA,5,3,1,47,1,5,"Postgraduate Degree"
"20997",NA,8,16,NA,6,7,2,34,1,NA,"Leaving Certificate"
"20998",1,14,22,4,1,8,2,62,1,9,"Bachelor Degree"
"20999",5,14,17,10,5,7,1,39,1,5,"Bachelor Degree"
"21000",8,14,20,8,7,10,2,78,1,2,"Bachelor Degree"
"21001",6,6,NA,1,6,7,2,40,1,4,"Leaving Certificate"
"21002",5,2,5,NA,6,2,2,NA,1,5,"Junior Cycle"
"21003",9,17,20,5,6,8,2,39,1,1,"Postgraduate Degree"
"21004",NA,13,16,NA,6,8,2,27,2,NA,"Bachelor Degree"
"21005",5,9,14,2,5,9,2,52,2,5,"Leaving Certificate"
"21006",8,15,16,2,8,5,2,41,2,2,"Bachelor Degree"
"21007",9,6,18,4,NA,9,1,27,2,1,"Leaving Certificate"
"21008",3,16,17,10,0,3,1,76,2,7,"Postgraduate Degree"
"21009",6,1,0,3,2,8,2,83,1,4,"Junior Cycle"
"21010",5,2,8,1,6,8,2,79,1,5,"Junior Cycle"
"21011",7,6,18,NA,2,7,1,65,1,3,"Leaving Certificate"
"21012",6,17,20,NA,7,8,2,39,1,4,"Postgraduate Degree"
"21013",6,14,17,10,5,10,1,34,1,4,"Bachelor Degree"
"21014",8,3,11,1,2,9,2,73,1,2,"Junior Cycle"
"21015",4,6,13,NA,5,7,2,59,1,6,"Leaving Certificate"
"21016",NA,3,10,NA,6,5,2,62,1,NA,"Junior Cycle"
"21017",5,3,9,NA,5,7,2,87,1,5,"Junior Cycle"
"21018",1,6,14,NA,2,3,1,50,1,9,"Leaving Certificate"
"21019",0,12,16,2,2,5,2,48,1,10,"Advanced Certificate"
"21020",8,2,9,1,5,8,1,69,1,2,"Junior Cycle"
"21021",7,14,21,5,4,5,2,40,1,3,"Bachelor Degree"
"21022",7,3,8,NA,5,1,1,76,1,3,"Junior Cycle"
"21023",5,13,20,6,4,7,1,53,1,5,"Bachelor Degree"
"21024",7,13,17,1,6,8,2,62,1,3,"Bachelor Degree"
"21025",6,3,10,NA,4,9,1,16,1,4,"Junior Cycle"
"21026",9,17,18,5,6,10,1,27,1,1,"Postgraduate Degree"
"21027",6,4,10,6,8,7,1,82,1,4,"Junior Cycle"
"21028",7,9,14,4,6,7,2,41,1,3,"Leaving Certificate"
"21029",0,6,13,6,5,8,2,64,2,10,"Leaving Certificate"
"21030",NA,1,8,3,7,4,1,82,1,NA,"Junior Cycle"
"21031",7,4,14,5,4,6,1,62,1,3,"Junior Cycle"
"21032",6,4,13,1,2,2,2,63,1,4,"Junior Cycle"
"21033",5,15,NA,NA,3,5,2,NA,2,5,"Bachelor Degree"
"21034",10,17,25,5,7,8,1,64,2,0,"Postgraduate Degree"
"21035",7,2,6,7,8,5,2,55,1,3,"Junior Cycle"
"21036",5,6,14,NA,7,10,1,19,1,5,"Leaving Certificate"
"21037",7,16,20,10,7,8,2,39,1,3,"Postgraduate Degree"
"21038",6,17,19,9,7,7,1,74,2,4,"Postgraduate Degree"
"21039",7,11,13,3,5,7,2,67,1,3,"Advanced Certificate"
"21040",9,14,17,10,2,7,1,48,1,1,"Bachelor Degree"
"21041",5,6,18,NA,0,4,2,49,1,5,"Leaving Certificate"
"21042",7,6,14,4,5,7,1,69,1,3,"Leaving Certificate"
"21043",8,3,9,1,4,1,2,80,1,2,"Junior Cycle"
"21044",5,15,18,NA,5,6,2,55,1,5,"Bachelor Degree"
"21045",5,14,18,8,1,6,1,29,1,5,"Bachelor Degree"
"21046",7,6,15,NA,6,6,2,24,1,3,"Leaving Certificate"
"21047",3,18,20,NA,1,7,1,59,1,7,"Postgraduate Degree"
"21048",5,9,15,3,7,9,2,51,1,5,"Leaving Certificate"
"21049",0,6,13,2,5,10,2,34,2,10,"Leaving Certificate"
"21050",5,6,13,3,8,9,2,87,1,5,"Leaving Certificate"
"21051",9,6,18,3,0,3,2,26,1,1,"Leaving Certificate"
"21052",5,17,19,NA,6,5,1,68,1,5,"Postgraduate Degree"
"21053",8,3,11,NA,9,9,1,90,2,2,"Junior Cycle"
"21054",5,6,13,5,4,8,2,21,1,5,"Leaving Certificate"
"21055",7,2,10,2,2,7,2,82,1,3,"Junior Cycle"
"21056",0,9,16,6,4,3,2,40,1,10,"Leaving Certificate"
"21057",2,9,16,10,4,4,2,56,2,8,"Leaving Certificate"
"21058",NA,16,16,NA,5,3,2,22,1,NA,"Postgraduate Degree"
"21059",3,16,26,1,0,9,2,76,2,7,"Postgraduate Degree"
"21060",2,14,20,5,3,3,2,43,1,8,"Bachelor Degree"
"21061",7,6,13,3,4,6,2,70,1,3,"Leaving Certificate"
"21062",6,16,21,NA,5,6,2,44,1,4,"Postgraduate Degree"
"21063",2,9,17,4,2,3,2,65,1,8,"Leaving Certificate"
"21064",5,17,24,7,5,8,2,43,1,5,"Postgraduate Degree"
"21065",1,7,14,6,7,5,1,47,1,9,"Leaving Certificate"
"21066",8,16,17,8,8,7,1,75,1,2,"Postgraduate Degree"
"21067",6,2,9,3,9,5,1,NA,1,4,"Junior Cycle"
"21068",8,18,22,NA,5,9,2,73,1,2,"Postgraduate Degree"
"21069",9,3,13,NA,0,6,1,65,2,1,"Junior Cycle"
"21070",5,17,23,4,2,8,1,35,1,5,"Postgraduate Degree"
"21071",7,14,16,10,7,7,1,41,2,3,"Bachelor Degree"
"21072",9,6,13,NA,6,10,1,86,1,1,"Leaving Certificate"
"21073",8,17,20,1,NA,10,2,36,2,2,"Postgraduate Degree"
"21074",8,7,14,4,1,9,2,34,1,2,"Leaving Certificate"
"21075",7,14,17,8,7,8,2,65,1,3,"Bachelor Degree"
"21076",9,3,10,NA,8,8,1,83,1,1,"Junior Cycle"
"21077",2,11,17,7,5,7,1,79,1,8,"Advanced Certificate"
"21078",8,6,14,9,6,8,1,60,1,2,"Leaving Certificate"
"21079",8,17,20,7,7,9,1,37,1,2,"Postgraduate Degree"
"21080",8,3,9,8,5,10,1,58,1,2,"Junior Cycle"
"21081",10,9,15,NA,2,3,1,22,1,0,"Leaving Certificate"
"21082",NA,15,18,2,6,7,2,27,2,NA,"Bachelor Degree"
"21083",5,15,16,9,7,7,1,46,1,5,"Bachelor Degree"
"21084",6,17,19,NA,5,10,2,39,1,4,"Postgraduate Degree"
"21085",7,10,18,NA,5,5,2,NA,2,3,"Advanced Certificate"
"21086",7,7,14,6,5,10,2,43,2,3,"Leaving Certificate"
"21087",8,13,16,7,2,10,2,22,1,2,"Bachelor Degree"
"21088",5,13,16,NA,5,6,1,40,1,5,"Bachelor Degree"
"21089",5,17,17,NA,7,10,1,40,2,5,"Postgraduate Degree"
"21090",5,4,12,3,4,7,2,45,2,5,"Junior Cycle"
"21091",7,12,14,3,5,6,1,51,1,3,"Advanced Certificate"
"21092",NA,9,15,1,0,5,2,30,1,NA,"Leaving Certificate"
"21093",9,17,19,10,6,8,1,37,2,1,"Postgraduate Degree"
"21094",10,4,15,6,NA,8,1,74,2,0,"Junior Cycle"
"21095",7,17,18,6,6,7,1,70,1,3,"Postgraduate Degree"
"21096",4,3,11,NA,2,5,1,70,1,6,"Junior Cycle"
"21097",10,7,16,3,NA,8,2,51,2,0,"Leaving Certificate"
"21098",7,2,8,4,7,6,1,74,1,3,"Junior Cycle"
"21099",8,10,16,NA,9,8,2,41,1,2,"Advanced Certificate"
"21100",3,16,NA,NA,5,2,2,33,1,7,"Postgraduate Degree"
"21101",6,18,22,10,6,10,2,42,1,4,"Postgraduate Degree"
"21102",5,2,8,2,5,5,2,84,1,5,"Junior Cycle"
"21103",5,2,8,NA,7,6,2,66,1,5,"Junior Cycle"
"21104",4,12,16,2,3,5,1,68,1,6,"Advanced Certificate"
"21105",8,9,20,6,0,8,1,51,2,2,"Leaving Certificate"
"21106",NA,3,13,NA,4,3,2,NA,1,NA,"Junior Cycle"
"21107",7,15,17,10,6,7,1,45,1,3,"Bachelor Degree"
"21108",NA,9,14,NA,7,NA,2,36,1,NA,"Leaving Certificate"
"21109",0,8,17,8,3,0,1,42,1,10,"Leaving Certificate"
"21110",8,17,23,4,4,8,2,73,1,2,"Postgraduate Degree"
"21111",3,3,NA,8,5,6,1,63,1,7,"Junior Cycle"
"21112",4,15,17,1,5,7,2,23,2,6,"Bachelor Degree"
"21113",8,15,23,6,7,9,2,69,1,2,"Bachelor Degree"
"21114",10,7,17,6,NA,8,2,26,2,0,"Leaving Certificate"
"21115",8,6,13,1,7,9,1,67,1,2,"Leaving Certificate"
"21116",6,6,14,2,0,10,2,33,1,4,"Leaving Certificate"
"21117",5,6,15,5,2,7,1,72,1,5,"Leaving Certificate"
"21118",9,6,13,2,NA,7,1,19,2,1,"Leaving Certificate"
"21119",4,15,16,NA,8,7,2,28,1,6,"Bachelor Degree"
"21120",7,3,12,4,1,8,1,64,1,3,"Junior Cycle"
"21121",4,12,18,1,0,5,1,53,1,6,"Advanced Certificate"
"21122",5,7,17,2,0,7,2,40,1,5,"Leaving Certificate"
"21123",7,15,19,6,5,5,1,70,1,3,"Bachelor Degree"
"21124",10,14,18,6,5,10,1,40,2,0,"Bachelor Degree"
"21125",9,10,13,2,0,8,2,53,1,1,"Advanced Certificate"
"21126",7,12,16,8,6,8,2,39,1,3,"Advanced Certificate"
"21127",6,2,7,NA,5,3,1,85,1,4,"Junior Cycle"
"21128",NA,3,12,NA,7,4,1,64,1,NA,"Junior Cycle"
"21129",5,3,12,2,0,5,2,66,1,5,"Junior Cycle"
"21130",7,13,19,3,0,9,2,59,1,3,"Bachelor Degree"
"21131",0,2,8,1,3,4,1,71,1,10,"Junior Cycle"
"21132",1,6,15,1,1,1,1,28,1,9,"Leaving Certificate"
"21133",8,7,13,1,3,6,2,29,1,2,"Leaving Certificate"
"21134",8,7,14,NA,6,4,1,38,1,2,"Leaving Certificate"
"21135",5,14,18,10,6,9,2,57,1,5,"Bachelor Degree"
"21136",NA,NA,15,NA,0,8,2,83,1,NA,NA
"21137",5,5,14,2,1,NA,2,48,1,5,"Leaving Certificate"
"21138",2,7,15,NA,1,8,2,36,1,8,"Leaving Certificate"
"21139",5,12,NA,5,5,10,2,45,2,5,"Advanced Certificate"
"21140",9,6,14,4,NA,10,2,19,2,1,"Leaving Certificate"
"21141",7,5,11,6,6,2,1,81,1,3,"Leaving Certificate"
"21142",5,14,17,9,6,8,1,34,1,5,"Bachelor Degree"
"21143",7,7,18,3,1,7,1,26,1,3,"Leaving Certificate"
"21144",8,6,13,5,6,9,2,65,1,2,"Leaving Certificate"
"21145",5,8,15,NA,2,6,1,24,1,5,"Leaving Certificate"
"21146",7,6,13,8,0,7,1,22,2,3,"Leaving Certificate"
"21147",8,7,14,3,7,10,2,71,1,2,"Leaving Certificate"
"21148",5,13,17,9,5,8,1,44,1,5,"Bachelor Degree"
"21149",6,6,13,NA,8,3,2,68,1,4,"Leaving Certificate"
"21150",5,11,15,9,4,6,2,49,1,5,"Advanced Certificate"
"21151",5,6,13,NA,5,7,2,71,1,5,"Leaving Certificate"
"21152",6,17,17,10,5,9,2,59,1,4,"Postgraduate Degree"
"21153",8,17,18,NA,NA,10,1,31,2,2,"Postgraduate Degree"
"21154",7,18,21,NA,3,9,1,40,1,3,"Postgraduate Degree"
"21155",3,17,18,10,0,5,1,33,1,7,"Postgraduate Degree"
"21156",0,1,8,3,0,3,2,78,1,10,"Junior Cycle"
"21157",8,4,10,2,1,10,1,63,1,2,"Junior Cycle"
"21158",7,6,14,1,5,7,2,NA,2,3,"Leaving Certificate"
"21159",5,16,19,NA,6,10,2,47,1,5,"Postgraduate Degree"
"21160",9,6,13,NA,1,7,2,49,1,1,"Leaving Certificate"
"21161",9,7,15,3,0,10,1,42,2,1,"Leaving Certificate"
"21162",7,3,10,1,7,8,1,83,1,3,"Junior Cycle"
"21163",NA,14,16,NA,NA,8,2,30,2,NA,"Bachelor Degree"
"21164",5,7,14,8,6,8,2,20,2,5,"Leaving Certificate"
"21165",2,12,17,9,3,8,1,43,1,8,"Advanced Certificate"
"21166",8,8,14,2,2,5,1,57,1,2,"Leaving Certificate"
"21167",6,6,14,6,3,6,2,63,1,4,"Leaving Certificate"
"21168",1,13,20,10,5,5,2,53,1,9,"Bachelor Degree"
"21169",5,13,15,NA,5,9,1,39,1,5,"Bachelor Degree"
"21170",4,14,17,8,6,9,1,80,1,6,"Bachelor Degree"
"21171",10,2,12,1,4,7,2,67,1,0,"Junior Cycle"
"21172",5,10,15,6,2,5,2,41,1,5,"Advanced Certificate"
"21173",5,5,15,10,1,5,2,57,1,5,"Leaving Certificate"
"21174",6,NA,NA,NA,9,3,1,81,1,4,NA
"21175",NA,12,15,1,0,9,2,74,2,NA,"Advanced Certificate"
"21176",NA,3,12,NA,1,1,2,62,1,NA,"Junior Cycle"
"21177",8,15,18,10,0,8,2,33,1,2,"Bachelor Degree"
"21178",2,13,17,10,5,7,2,38,1,8,"Bachelor Degree"
"21179",8,11,NA,NA,7,9,2,39,1,2,"Advanced Certificate"
"21180",4,3,11,1,4,3,2,68,1,6,"Junior Cycle"
"21181",9,3,12,3,6,1,1,41,1,1,"Junior Cycle"
"21182",5,6,13,3,7,8,2,45,1,5,"Leaving Certificate"
"21183",5,14,18,5,4,10,1,44,2,5,"Bachelor Degree"
"21184",NA,14,22,10,6,10,2,29,2,NA,"Bachelor Degree"
"21185",7,6,14,2,3,9,1,50,1,3,"Leaving Certificate"
"21186",3,12,14,6,6,9,1,42,2,7,"Advanced Certificate"
"21187",6,14,20,NA,1,9,2,45,1,4,"Bachelor Degree"
"21188",7,2,8,1,4,1,1,68,1,3,"Junior Cycle"
"21189",8,17,16,NA,7,10,1,29,2,2,"Postgraduate Degree"
"21190",10,17,23,3,8,10,2,30,2,0,"Postgraduate Degree"
"21191",6,16,17,9,NA,8,2,68,2,4,"Postgraduate Degree"
"21192",2,3,9,1,NA,0,2,87,1,8,"Junior Cycle"
"21193",4,16,18,NA,5,6,1,78,1,6,"Postgraduate Degree"
"21194",10,17,16,7,5,9,1,48,2,0,"Postgraduate Degree"
"21195",7,17,65,8,7,7,1,71,1,3,"Postgraduate Degree"
"21196",4,5,9,2,6,3,2,67,1,6,"Leaving Certificate"
"21197",5,9,18,4,2,3,2,33,1,5,"Leaving Certificate"
"21198",8,6,13,8,7,7,2,64,1,2,"Leaving Certificate"
"21199",9,14,18,1,NA,9,2,33,2,1,"Bachelor Degree"
"21200",7,6,14,2,0,3,1,83,1,3,"Leaving Certificate"
"21201",1,6,13,NA,9,6,1,83,1,9,"Leaving Certificate"
"21202",NA,13,15,NA,4,3,2,20,1,NA,"Bachelor Degree"
"21203",NA,6,18,4,3,9,2,38,2,NA,"Leaving Certificate"
"21204",8,2,8,1,5,7,1,40,1,2,"Junior Cycle"
"21205",7,6,14,2,0,8,2,28,1,3,"Leaving Certificate"
"21206",5,5,12,1,1,10,2,75,2,5,"Leaving Certificate"
"21207",10,13,16,7,0,10,1,68,1,0,"Bachelor Degree"
"21208",5,11,17,NA,0,5,2,64,1,5,"Advanced Certificate"
"21209",6,2,8,1,5,5,1,48,1,4,"Junior Cycle"
"21210",7,10,15,9,6,10,1,38,1,3,"Advanced Certificate"
"21211",5,7,14,NA,4,8,2,90,1,5,"Leaving Certificate"
"21212",7,13,20,9,5,6,2,40,1,3,"Bachelor Degree"
"21213",6,6,NA,2,5,6,2,44,1,4,"Leaving Certificate"
"21214",4,2,9,3,7,9,1,76,1,6,"Junior Cycle"
"21215",5,13,18,NA,8,8,2,29,1,5,"Bachelor Degree"
"21216",1,6,14,3,0,8,1,63,2,9,"Leaving Certificate"
"21217",0,9,NA,3,0,10,2,32,1,10,"Leaving Certificate"
"21218",6,4,13,NA,2,0,1,39,1,4,"Junior Cycle"
"21219",5,12,15,5,7,7,1,29,1,5,"Advanced Certificate"
"21220",4,16,20,6,0,6,2,50,1,6,"Postgraduate Degree"
"21221",5,NA,NA,6,7,6,1,41,2,5,NA
"21222",NA,2,8,1,NA,6,1,58,1,NA,"Junior Cycle"
"21223",5,14,18,10,4,8,2,26,1,5,"Bachelor Degree"
"21224",9,13,16,3,7,8,2,61,2,1,"Bachelor Degree"
"21225",6,9,14,5,2,2,1,58,1,4,"Leaving Certificate"
"21226",10,6,13,3,7,8,2,NA,1,0,"Leaving Certificate"
"21227",1,4,13,5,2,2,1,57,1,9,"Junior Cycle"
"21228",8,3,9,NA,3,9,2,50,1,2,"Junior Cycle"
"21229",1,7,13,4,4,5,1,45,2,9,"Leaving Certificate"
"21230",1,6,14,2,2,3,2,41,1,9,"Leaving Certificate"
"21231",9,10,14,3,2,5,2,59,1,1,"Advanced Certificate"
"21232",5,7,13,4,0,4,2,52,1,5,"Leaving Certificate"
"21233",6,2,10,NA,6,3,2,84,1,4,"Junior Cycle"
"21234",0,6,14,NA,0,1,1,33,1,10,"Leaving Certificate"
"21235",8,1,8,4,0,6,1,75,1,2,"Junior Cycle"
"21236",2,10,14,NA,0,6,1,31,1,8,"Advanced Certificate"
"21237",5,14,19,NA,6,9,2,55,2,5,"Bachelor Degree"
"21238",5,8,14,NA,0,2,2,59,1,5,"Leaving Certificate"
"21239",6,13,15,1,2,9,2,73,1,4,"Bachelor Degree"
"21240",6,8,15,4,6,7,1,22,1,4,"Leaving Certificate"
"21241",6,16,18,NA,7,7,1,67,1,4,"Postgraduate Degree"
"21242",8,13,NA,NA,6,8,1,69,1,2,"Bachelor Degree"
"21243",10,6,13,3,5,10,2,66,2,0,"Leaving Certificate"
"21244",8,3,9,10,7,8,1,65,1,2,"Junior Cycle"
"21245",9,6,13,1,NA,10,1,29,2,1,"Leaving Certificate"
"21246",6,12,16,7,4,8,2,52,1,4,"Advanced Certificate"
"21247",5,3,12,NA,8,NA,1,78,1,5,"Junior Cycle"
"21248",NA,1,8,NA,6,6,2,90,1,NA,"Junior Cycle"
"21249",0,14,20,6,0,3,1,NA,1,10,"Bachelor Degree"
"21250",5,6,14,3,NA,6,2,49,2,5,"Leaving Certificate"
"21251",NA,9,14,NA,4,5,2,36,1,NA,"Leaving Certificate"
"21252",5,10,14,NA,1,7,1,41,1,5,"Advanced Certificate"
"21253",0,3,12,NA,5,NA,1,83,1,10,"Junior Cycle"
"21254",0,3,12,2,0,5,2,40,1,10,"Junior Cycle"
"21255",5,16,21,5,0,8,1,37,1,5,"Postgraduate Degree"
"21256",10,5,15,5,0,10,1,61,1,0,"Leaving Certificate"
"21257",8,17,18,4,4,9,2,65,1,2,"Postgraduate Degree"
"21258",5,6,16,6,3,10,1,41,2,5,"Leaving Certificate"
"21259",4,9,14,NA,5,6,2,41,2,6,"Leaving Certificate"
"21260",7,2,9,6,2,6,1,82,1,3,"Junior Cycle"
"21261",5,11,19,NA,2,6,1,85,1,5,"Advanced Certificate"
"21262",6,8,20,4,8,7,2,59,1,4,"Leaving Certificate"
"21263",5,6,13,NA,1,6,2,62,1,5,"Leaving Certificate"
"21264",3,14,20,NA,3,5,1,70,1,7,"Bachelor Degree"
"21265",6,3,16,NA,0,NA,2,78,1,4,"Junior Cycle"
"21266",10,17,24,6,0,10,2,53,1,0,"Postgraduate Degree"
"21267",5,13,20,5,0,9,1,53,2,5,"Bachelor Degree"
"21268",6,6,14,6,1,10,1,58,1,4,"Leaving Certificate"
"21269",NA,17,17,2,0,9,1,56,2,NA,"Postgraduate Degree"
"21270",4,2,7,2,3,7,1,79,1,6,"Junior Cycle"
"21271",6,13,14,NA,3,8,2,81,1,4,"Bachelor Degree"
"21272",7,3,12,3,7,7,1,81,1,3,"Junior Cycle"
"21273",5,6,15,2,3,6,2,40,1,5,"Leaving Certificate"
"21274",NA,1,9,1,2,NA,1,79,1,NA,"Junior Cycle"
"21275",6,3,10,5,4,5,1,72,2,4,"Junior Cycle"
"21276",7,6,15,6,5,8,1,71,1,3,"Leaving Certificate"
"21277",0,11,23,NA,5,5,2,39,2,10,"Advanced Certificate"
"21278",NA,9,15,NA,5,4,2,62,1,NA,"Leaving Certificate"
"21279",7,2,6,1,8,5,1,78,1,3,"Junior Cycle"
"21280",5,6,16,3,3,7,2,70,1,5,"Leaving Certificate"
"21281",5,15,20,2,1,7,2,65,1,5,"Bachelor Degree"
"21282",8,7,13,NA,8,9,1,50,2,2,"Leaving Certificate"
"21283",2,2,10,2,7,8,2,69,1,8,"Junior Cycle"
"21284",6,6,14,3,5,8,2,65,1,4,"Leaving Certificate"
"21285",9,3,12,1,8,9,1,72,1,1,"Junior Cycle"
"21286",6,12,14,NA,7,5,1,67,1,4,"Advanced Certificate"
"21287",5,9,18,NA,3,4,2,64,2,5,"Leaving Certificate"
"21288",5,17,21,7,6,8,2,62,1,5,"Postgraduate Degree"
"21289",NA,6,18,NA,5,8,2,68,1,NA,"Leaving Certificate"
"21290",0,6,13,1,8,7,2,28,1,10,"Leaving Certificate"
"21291",3,16,16,3,2,8,1,81,2,7,"Postgraduate Degree"
"21292",8,4,14,7,6,8,1,56,1,2,"Junior Cycle"
"21293",8,2,10,4,8,9,1,81,1,2,"Junior Cycle"
"21294",10,8,13,5,0,10,1,47,1,0,"Leaving Certificate"
"21295",0,2,7,NA,0,0,2,85,1,10,"Junior Cycle"
"21296",7,14,16,NA,9,7,2,52,1,3,"Bachelor Degree"
"21297",8,NA,NA,NA,3,5,2,45,1,2,NA
"21298",NA,3,12,3,3,NA,2,67,1,NA,"Junior Cycle"
"21299",5,17,19,7,5,0,2,35,1,5,"Postgraduate Degree"
"21300",5,14,22,2,NA,7,2,39,2,5,"Bachelor Degree"
"21301",7,6,16,4,7,7,2,48,1,3,"Leaving Certificate"
"21302",6,6,13,5,5,8,2,49,2,4,"Leaving Certificate"
"21303",7,17,20,NA,6,8,1,24,1,3,"Postgraduate Degree"
"21304",2,17,18,9,1,3,1,48,1,8,"Postgraduate Degree"
"21305",10,3,10,2,6,10,1,76,1,0,"Junior Cycle"
"21306",7,3,14,1,1,5,2,54,1,3,"Junior Cycle"
"21307",9,4,14,7,6,7,1,83,1,1,"Junior Cycle"
"21308",8,16,20,4,6,7,2,33,1,2,"Postgraduate Degree"
"21309",7,4,11,1,0,8,1,43,1,3,"Junior Cycle"
"21310",7,2,NA,8,3,7,1,72,1,3,"Junior Cycle"
"21311",7,15,16,NA,8,7,1,73,1,3,"Bachelor Degree"
"21312",10,4,14,4,4,NA,2,74,1,0,"Junior Cycle"
"21313",4,8,13,NA,7,7,1,79,1,6,"Leaving Certificate"
"21314",7,14,NA,4,NA,8,2,73,1,3,"Bachelor Degree"
"21315",3,6,17,1,2,8,2,65,2,7,"Leaving Certificate"
"21316",NA,3,12,NA,NA,8,2,41,2,NA,"Junior Cycle"
"21317",7,3,15,1,5,7,1,84,1,3,"Junior Cycle"
"21318",5,7,14,2,7,8,2,25,1,5,"Leaving Certificate"
"21319",7,17,20,9,6,7,2,41,1,3,"Postgraduate Degree"
"21320",9,18,22,8,9,9,2,45,2,1,"Postgraduate Degree"
"21321",8,17,40,9,7,10,1,48,2,2,"Postgraduate Degree"
"21322",7,15,18,8,5,9,1,35,1,3,"Bachelor Degree"
"21323",5,6,13,4,0,3,2,41,1,5,"Leaving Certificate"
"21324",NA,8,15,NA,5,4,1,50,1,NA,"Leaving Certificate"
"21325",7,16,19,NA,5,8,2,82,2,3,"Postgraduate Degree"
"21326",7,7,14,4,7,8,1,37,1,3,"Leaving Certificate"
"21327",5,14,16,1,0,9,2,49,2,5,"Bachelor Degree"
"21328",3,6,14,NA,6,8,1,83,1,7,"Leaving Certificate"
"21329",5,17,21,NA,6,7,1,63,1,5,"Postgraduate Degree"
"21330",8,6,16,NA,5,8,2,44,1,2,"Leaving Certificate"
"21331",7,17,16,NA,6,9,2,50,2,3,"Postgraduate Degree"
"21332",NA,7,14,NA,NA,5,2,37,1,NA,"Leaving Certificate"
"21333",5,16,19,NA,7,9,2,39,1,5,"Postgraduate Degree"
"21334",9,3,16,1,1,7,1,52,1,1,"Junior Cycle"
"21335",6,8,14,NA,4,5,1,61,2,4,"Leaving Certificate"
"21336",5,17,21,NA,6,8,2,52,1,5,"Postgraduate Degree"
"21337",8,17,21,NA,5,8,2,51,2,2,"Postgraduate Degree"
"21338",4,17,18,2,5,7,2,62,1,6,"Postgraduate Degree"
"21339",0,8,14,NA,4,5,1,47,1,10,"Leaving Certificate"
"21340",6,16,24,7,7,6,2,47,1,4,"Postgraduate Degree"
"21341",5,11,16,NA,5,5,2,54,1,5,"Advanced Certificate"
"21342",3,3,11,NA,5,5,2,16,2,7,"Junior Cycle"
"21343",5,14,18,NA,3,5,2,23,1,5,"Bachelor Degree"
"21344",3,5,14,3,5,7,2,22,1,7,"Leaving Certificate"
"21345",10,9,13,2,10,10,1,35,2,0,"Leaving Certificate"
"21346",5,14,18,10,3,9,1,25,1,5,"Bachelor Degree"
"21347",6,13,21,8,6,7,2,57,2,4,"Bachelor Degree"
"21348",2,2,12,1,6,3,2,90,1,8,"Junior Cycle"
"21349",1,17,16,7,0,9,2,43,2,9,"Postgraduate Degree"
"21350",7,7,14,3,1,8,1,50,1,3,"Leaving Certificate"
"21351",6,17,20,7,6,10,1,70,2,4,"Postgraduate Degree"
"21352",4,16,21,NA,3,8,2,59,2,6,"Postgraduate Degree"
"21353",5,5,15,NA,5,4,2,42,1,5,"Leaving Certificate"
"21354",10,8,13,NA,6,7,1,68,1,0,"Leaving Certificate"
"21355",8,13,15,6,6,8,2,59,1,2,"Bachelor Degree"
"21356",5,13,14,NA,4,5,2,60,2,5,"Bachelor Degree"
"21357",5,18,23,7,6,6,1,36,1,5,"Postgraduate Degree"
"21358",7,3,12,3,0,6,1,90,1,3,"Junior Cycle"
"21359",9,7,13,2,2,6,2,33,2,1,"Leaving Certificate"
"21360",8,6,14,4,5,7,1,85,1,2,"Leaving Certificate"
"21361",5,8,18,NA,5,4,2,NA,1,5,"Leaving Certificate"
"21362",8,10,16,4,2,3,2,28,1,2,"Advanced Certificate"
"21363",8,3,12,3,2,5,1,58,1,2,"Junior Cycle"
"21364",4,17,18,NA,5,5,2,33,1,6,"Postgraduate Degree"
"21365",3,3,10,7,5,8,2,72,1,7,"Junior Cycle"
"21366",5,5,12,4,5,10,2,67,1,5,"Leaving Certificate"
"21367",8,7,15,3,0,9,1,35,2,2,"Leaving Certificate"
"21368",5,2,6,NA,5,3,1,56,1,5,"Junior Cycle"
"21369",1,3,10,NA,0,4,1,57,1,9,"Junior Cycle"
"21370",7,12,15,7,8,6,2,56,1,3,"Advanced Certificate"
"21371",5,15,17,NA,5,8,1,64,1,5,"Bachelor Degree"
"21372",8,6,14,3,1,8,2,57,1,2,"Leaving Certificate"
"21373",5,14,18,NA,0,6,2,78,1,5,"Bachelor Degree"
"21374",8,8,NA,3,4,5,1,37,1,2,"Leaving Certificate"
"21375",1,1,5,2,4,NA,1,87,1,9,"Junior Cycle"
"21376",7,13,15,7,5,8,2,NA,1,3,"Bachelor Degree"
"21377",6,6,14,9,4,8,1,18,1,4,"Leaving Certificate"
"21378",9,7,14,2,5,8,1,58,1,1,"Leaving Certificate"
"21379",8,17,20,4,2,7,2,38,1,2,"Postgraduate Degree"
"21380",4,4,12,NA,3,5,1,68,1,6,"Junior Cycle"
"21381",6,14,16,10,5,9,2,49,1,4,"Bachelor Degree"
"21382",8,6,NA,4,0,4,2,26,1,2,"Leaving Certificate"
"21383",6,17,22,10,6,6,1,45,1,4,"Postgraduate Degree"
"21384",4,16,17,NA,2,5,2,32,1,6,"Postgraduate Degree"
"21385",2,7,18,3,3,5,1,54,1,8,"Leaving Certificate"
"21386",8,6,13,1,0,10,1,41,1,2,"Leaving Certificate"
"21387",0,17,35,1,2,4,1,67,2,10,"Postgraduate Degree"
"21388",5,10,17,8,5,8,2,26,1,5,"Advanced Certificate"
"21389",5,3,8,3,3,6,2,75,1,5,"Junior Cycle"
"21390",8,3,9,3,8,8,2,67,1,2,"Junior Cycle"
"21391",5,7,14,8,0,8,1,68,1,5,"Leaving Certificate"
"21392",5,13,18,10,3,9,2,55,1,5,"Bachelor Degree"
"21393",5,6,13,3,0,10,2,56,1,5,"Leaving Certificate"
"21394",8,7,13,5,6,10,1,40,1,2,"Leaving Certificate"
"21395",10,13,15,7,6,10,1,70,1,0,"Bachelor Degree"
"21396",7,7,18,3,1,7,2,28,1,3,"Leaving Certificate"
"21397",7,6,13,5,5,8,2,71,2,3,"Leaving Certificate"
"21398",8,6,13,2,5,4,1,74,1,2,"Leaving Certificate"
"21399",6,6,13,2,3,7,1,74,2,4,"Leaving Certificate"
"21400",8,13,23,4,3,8,2,50,1,2,"Bachelor Degree"
"21401",2,6,14,6,7,7,2,35,1,8,"Leaving Certificate"
"21402",5,7,13,NA,2,5,1,36,1,5,"Leaving Certificate"
"21403",0,2,6,4,6,NA,1,82,1,10,"Junior Cycle"
"21404",5,14,16,NA,5,NA,1,26,1,5,"Bachelor Degree"
"21405",5,7,15,4,0,10,1,NA,2,5,"Leaving Certificate"
"21406",NA,2,NA,NA,NA,NA,2,NA,1,NA,"Junior Cycle"
"21407",10,4,10,NA,8,5,1,26,1,0,"Junior Cycle"
"21408",NA,14,18,NA,5,5,2,24,2,NA,"Bachelor Degree"
"21409",9,14,19,9,7,10,1,63,1,1,"Bachelor Degree"
"21410",5,17,19,9,6,8,1,35,1,5,"Postgraduate Degree"
"21411",9,NA,16,NA,NA,9,1,34,2,1,NA
"21412",NA,NA,NA,NA,8,5,1,84,1,NA,NA
"21413",7,2,9,1,8,7,1,83,1,3,"Junior Cycle"
"21414",5,6,13,1,1,7,2,66,2,5,"Leaving Certificate"
"21415",2,3,10,NA,3,3,1,59,1,8,"Junior Cycle"
"21416",5,2,8,2,2,9,1,84,1,5,"Junior Cycle"
"21417",5,6,13,8,6,8,1,52,2,5,"Leaving Certificate"
"21418",1,3,10,2,5,8,2,69,1,9,"Junior Cycle"
"21419",8,14,17,7,5,9,1,67,1,2,"Bachelor Degree"
"21420",1,13,15,2,6,9,2,78,1,9,"Bachelor Degree"
"21421",6,15,NA,NA,3,8,2,58,2,4,"Bachelor Degree"
"21422",4,10,15,7,3,8,2,56,1,6,"Advanced Certificate"
"21423",NA,3,13,2,0,NA,2,51,1,NA,"Junior Cycle"
"21424",5,3,11,NA,4,5,2,71,1,5,"Junior Cycle"
"21425",6,12,NA,3,9,4,1,21,1,4,"Advanced Certificate"
"21426",8,17,20,10,6,7,2,32,1,2,"Postgraduate Degree"
"21427",2,2,9,NA,0,NA,2,74,1,8,"Junior Cycle"
"21428",5,6,NA,7,7,6,2,75,1,5,"Leaving Certificate"
"21429",5,6,15,2,5,6,1,63,1,5,"Leaving Certificate"
"21430",4,14,18,NA,4,4,2,60,1,6,"Bachelor Degree"
"21431",10,17,21,7,7,9,1,79,2,0,"Postgraduate Degree"
"21432",6,6,NA,NA,3,6,1,37,1,4,"Leaving Certificate"
"21433",5,8,19,8,4,9,1,40,2,5,"Leaving Certificate"
"21434",5,13,17,NA,3,8,2,47,1,5,"Bachelor Degree"
"21435",7,6,15,4,NA,9,2,24,1,3,"Leaving Certificate"
"21436",NA,9,16,NA,0,5,2,43,1,NA,"Leaving Certificate"
"21437",NA,2,8,NA,8,7,1,72,1,NA,"Junior Cycle"
"21438",5,3,10,1,4,6,1,65,1,5,"Junior Cycle"
"21439",5,17,21,9,6,10,1,45,1,5,"Postgraduate Degree"
"21440",NA,6,17,5,10,10,2,46,2,NA,"Leaving Certificate"
"21441",8,3,12,3,7,8,1,NA,1,2,"Junior Cycle"
"21442",8,10,19,NA,6,7,1,72,2,2,"Advanced Certificate"
"21443",6,6,15,7,7,6,1,45,1,4,"Leaving Certificate"
"21444",NA,7,13,NA,8,7,1,38,1,NA,"Leaving Certificate"
"21445",5,6,14,5,6,9,1,42,2,5,"Leaving Certificate"
"21446",NA,5,11,NA,7,7,2,58,1,NA,"Leaving Certificate"
"21447",10,13,18,NA,3,9,1,51,1,0,"Bachelor Degree"
"21448",5,1,8,1,3,5,1,68,1,5,"Junior Cycle"
"21449",5,3,10,2,6,7,2,56,1,5,"Junior Cycle"
"21450",10,6,20,10,4,8,1,25,2,0,"Leaving Certificate"
"21451",4,6,15,1,6,8,2,55,1,6,"Leaving Certificate"
"21452",3,17,19,NA,4,4,1,40,1,7,"Postgraduate Degree"
"21453",3,6,14,8,7,8,2,61,1,7,"Leaving Certificate"
"21454",7,14,21,5,5,7,1,65,1,3,"Bachelor Degree"
"21455",5,9,14,6,5,7,1,49,2,5,"Leaving Certificate"
"21456",8,17,22,10,6,10,2,50,1,2,"Postgraduate Degree"
"21457",7,14,16,1,2,7,1,68,1,3,"Bachelor Degree"
"21458",6,5,11,NA,0,5,1,64,1,4,"Leaving Certificate"
"21459",8,3,11,NA,3,10,1,16,1,2,"Junior Cycle"
"21460",6,2,6,5,5,8,1,68,1,4,"Junior Cycle"
"21461",5,6,20,NA,5,7,1,35,1,5,"Leaving Certificate"
"21462",5,11,14,5,6,8,2,57,1,5,"Advanced Certificate"
"21463",5,17,20,10,0,10,2,29,1,5,"Postgraduate Degree"
"21464",3,NA,NA,7,7,5,2,47,2,7,NA
"21465",9,3,12,4,5,7,1,81,1,1,"Junior Cycle"
"21466",NA,3,12,3,3,8,2,44,1,NA,"Junior Cycle"
"21467",5,13,13,NA,6,8,1,73,2,5,"Bachelor Degree"
"21468",5,3,11,6,1,7,2,53,1,5,"Junior Cycle"
"21469",5,5,9,5,3,4,1,46,1,5,"Leaving Certificate"
"21470",9,17,24,7,4,9,2,57,1,1,"Postgraduate Degree"
"21471",6,4,16,4,5,10,2,40,2,4,"Junior Cycle"
"21472",6,10,16,4,5,9,1,50,1,4,"Advanced Certificate"
"21473",5,13,14,NA,1,8,1,56,2,5,"Bachelor Degree"
"21474",1,3,11,7,2,2,2,30,1,9,"Junior Cycle"
"21475",10,17,22,9,3,9,2,40,1,0,"Postgraduate Degree"
"21476",5,17,26,3,6,7,1,53,1,5,"Postgraduate Degree"
"21477",7,3,11,4,0,7,1,71,1,3,"Junior Cycle"
"21478",6,3,14,2,NA,8,1,79,1,4,"Junior Cycle"
"21479",8,3,10,3,0,8,2,73,1,2,"Junior Cycle"
"21480",8,2,9,1,7,10,1,66,1,2,"Junior Cycle"
"21481",5,6,NA,6,8,7,2,59,1,5,"Leaving Certificate"
"21482",8,15,17,5,NA,10,1,35,2,2,"Bachelor Degree"
"21483",5,14,17,NA,5,5,2,80,1,5,"Bachelor Degree"
"21484",9,6,19,3,5,6,2,25,1,1,"Leaving Certificate"
"21485",8,1,7,1,1,3,2,72,1,2,"Junior Cycle"
"21486",6,10,15,NA,6,4,1,47,1,4,"Advanced Certificate"
"21487",5,14,17,2,6,6,2,34,1,5,"Bachelor Degree"
"21488",8,8,16,NA,0,8,1,73,1,2,"Leaving Certificate"
"21489",8,3,12,7,0,9,1,59,1,2,"Junior Cycle"
"21490",3,10,18,NA,3,4,1,47,1,7,"Advanced Certificate"
"21491",5,7,17,NA,4,8,2,NA,1,5,"Leaving Certificate"
"21492",4,6,18,NA,4,6,1,66,1,6,"Leaving Certificate"
"21493",2,6,14,2,3,NA,1,42,1,8,"Leaving Certificate"
"21494",5,17,18,5,5,9,2,43,2,5,"Postgraduate Degree"
"21495",2,2,10,1,NA,7,1,56,1,8,"Junior Cycle"
"21496",8,16,17,1,5,7,2,45,1,2,"Postgraduate Degree"
"21497",7,3,11,NA,4,7,1,16,1,3,"Junior Cycle"
"21498",5,17,20,10,6,8,2,55,1,5,"Postgraduate Degree"
"21499",6,6,14,1,4,7,2,76,2,4,"Leaving Certificate"
"21500",10,3,13,2,2,5,1,52,1,0,"Junior Cycle"
"21501",9,6,14,NA,2,2,2,19,1,1,"Leaving Certificate"
"21502",5,17,20,8,3,8,1,38,1,5,"Postgraduate Degree"
"21503",NA,2,9,NA,1,5,2,58,1,NA,"Junior Cycle"
"21504",7,17,18,9,3,5,2,38,1,3,"Postgraduate Degree"
"21505",5,9,14,NA,4,10,2,67,1,5,"Leaving Certificate"
"21506",7,17,16,6,1,4,1,76,2,3,"Postgraduate Degree"
"21507",5,13,15,NA,5,6,2,68,1,5,"Bachelor Degree"
"21508",7,4,13,2,4,7,2,69,1,3,"Junior Cycle"
"21509",NA,2,6,2,5,NA,1,80,1,NA,"Junior Cycle"
"21510",6,9,17,3,1,7,2,67,1,4,"Leaving Certificate"
"21511",8,2,8,NA,5,7,1,73,1,2,"Junior Cycle"
"21512",NA,3,8,3,2,2,1,NA,1,NA,"Junior Cycle"
"21513",8,7,13,NA,4,6,1,38,1,2,"Leaving Certificate"
"21514",6,16,21,6,5,3,2,67,1,4,"Postgraduate Degree"
"21515",7,5,11,NA,9,9,2,74,1,3,"Leaving Certificate"
"21516",6,15,18,7,5,8,1,73,1,4,"Bachelor Degree"
"21517",3,17,16,NA,0,4,2,27,1,7,"Postgraduate Degree"
"21518",5,17,22,4,7,10,2,63,1,5,"Postgraduate Degree"
"21519",5,2,9,NA,7,5,1,90,1,5,"Junior Cycle"
"21520",8,3,11,5,1,3,2,49,1,2,"Junior Cycle"
"21521",1,6,14,1,0,2,2,55,1,9,"Leaving Certificate"
"21522",5,5,16,4,10,8,1,39,1,5,"Leaving Certificate"
"21523",8,10,17,4,7,5,2,58,1,2,"Advanced Certificate"
"21524",4,17,20,6,4,9,1,50,1,6,"Postgraduate Degree"
"21525",6,16,23,2,2,5,2,25,2,4,"Postgraduate Degree"
"21526",7,7,14,NA,4,5,1,50,1,3,"Leaving Certificate"
"21527",5,3,13,NA,2,7,1,72,1,5,"Junior Cycle"
"21528",5,9,16,6,1,10,2,39,1,5,"Leaving Certificate"
"21529",7,7,17,NA,6,7,2,21,1,3,"Leaving Certificate"
"21530",4,15,16,9,6,7,2,63,1,6,"Bachelor Degree"
"21531",6,15,17,10,4,8,1,76,1,4,"Bachelor Degree"
"21532",8,13,14,2,1,6,1,75,2,2,"Bachelor Degree"
"21533",8,6,16,4,2,8,1,40,1,2,"Leaving Certificate"
"21534",5,4,NA,6,4,7,1,56,1,5,"Junior Cycle"
"21535",NA,2,10,NA,6,7,2,79,1,NA,"Junior Cycle"
"21536",9,17,19,8,4,10,1,40,1,1,"Postgraduate Degree"
"21537",NA,3,11,NA,5,5,1,66,1,NA,"Junior Cycle"
"21538",2,7,14,6,3,3,1,51,1,8,"Leaving Certificate"
"21539",7,17,19,4,5,7,2,50,1,3,"Postgraduate Degree"
"21540",5,6,14,NA,3,7,1,20,1,5,"Leaving Certificate"
"21541",6,17,17,NA,NA,8,1,31,2,4,"Postgraduate Degree"
"21542",3,6,14,4,3,6,1,19,1,7,"Leaving Certificate"
"21543",7,15,18,NA,NA,8,2,38,2,3,"Bachelor Degree"
"21544",10,15,16,NA,4,8,2,36,1,0,"Bachelor Degree"
"21545",1,5,11,NA,0,4,1,55,1,9,"Leaving Certificate"
"21546",9,17,19,4,4,10,2,29,2,1,"Postgraduate Degree"
"21547",0,6,14,NA,NA,0,2,78,1,10,"Leaving Certificate"
"21548",2,2,8,2,0,1,2,72,1,8,"Junior Cycle"
"21549",6,3,8,NA,6,6,1,81,1,4,"Junior Cycle"
"21550",5,6,15,NA,1,5,2,55,1,5,"Leaving Certificate"
"21551",6,7,14,NA,4,8,2,48,1,4,"Leaving Certificate"
"21552",5,10,15,8,7,6,1,49,1,5,"Advanced Certificate"
"21553",5,17,20,1,1,5,1,67,1,5,"Postgraduate Degree"
"21554",5,6,15,2,2,5,2,64,1,5,"Leaving Certificate"
"21555",5,3,10,2,5,5,2,79,1,5,"Junior Cycle"
"21556",6,2,10,3,0,4,1,73,1,4,"Junior Cycle"
"21557",8,17,18,6,9,9,1,76,1,2,"Postgraduate Degree"
"21558",10,3,14,1,5,6,2,52,1,0,"Junior Cycle"
"21559",9,6,14,5,3,10,2,64,1,1,"Leaving Certificate"
"21560",3,16,17,10,5,8,2,38,1,7,"Postgraduate Degree"
"21561",6,8,17,NA,6,7,1,43,1,4,"Leaving Certificate"
"21562",2,17,21,NA,9,8,1,80,2,8,"Postgraduate Degree"
"21563",7,7,14,5,0,9,2,37,1,3,"Leaving Certificate"
"21564",NA,NA,16,NA,0,5,1,NA,1,NA,NA
"21565",7,6,14,3,0,9,2,48,2,3,"Leaving Certificate"
"21566",6,13,17,6,3,7,1,74,1,4,"Bachelor Degree"
"21567",8,14,18,7,9,9,1,76,1,2,"Bachelor Degree"
"21568",2,3,10,NA,0,6,2,70,1,8,"Junior Cycle"
"21569",8,6,13,8,7,8,2,64,1,2,"Leaving Certificate"
"21570",4,3,13,3,4,9,2,63,1,6,"Junior Cycle"
"21571",6,15,18,8,1,10,2,35,2,4,"Bachelor Degree"
"21572",9,7,20,3,0,8,2,38,1,1,"Leaving Certificate"
"21573",1,17,20,6,3,5,1,50,1,9,"Postgraduate Degree"
"21574",4,13,16,NA,3,5,2,45,1,6,"Bachelor Degree"
"21575",4,4,10,2,0,2,2,65,1,6,"Junior Cycle"
"21576",5,2,10,NA,8,7,1,84,1,5,"Junior Cycle"
"21577",7,14,18,NA,6,10,1,32,1,3,"Bachelor Degree"
"21578",5,4,12,6,6,5,1,40,1,5,"Junior Cycle"
"21579",8,17,25,9,5,9,2,41,1,2,"Postgraduate Degree"
"21580",NA,15,17,8,4,8,1,26,2,NA,"Bachelor Degree"
"21581",3,16,25,10,5,8,1,71,1,7,"Postgraduate Degree"
"21582",NA,13,16,NA,NA,NA,1,54,1,NA,"Bachelor Degree"
"21583",9,15,18,7,4,5,2,30,2,1,"Bachelor Degree"
"21584",6,6,13,10,8,5,1,60,1,4,"Leaving Certificate"
"21585",5,16,16,NA,0,10,1,52,2,5,"Postgraduate Degree"
"21586",4,7,14,NA,8,7,2,30,1,6,"Leaving Certificate"
"21587",2,6,15,2,3,5,2,47,1,8,"Leaving Certificate"
"21588",7,17,16,NA,2,0,1,22,1,3,"Postgraduate Degree"
"21589",1,7,13,4,7,5,1,73,1,9,"Leaving Certificate"
"21590",9,16,18,NA,7,9,2,37,1,1,"Postgraduate Degree"
"21591",3,5,12,2,5,2,2,63,1,7,"Leaving Certificate"
"21592",6,2,10,1,8,7,2,68,2,4,"Junior Cycle"
"21593",6,8,16,7,6,5,1,71,2,4,"Leaving Certificate"
"21594",7,17,25,8,7,8,1,66,1,3,"Postgraduate Degree"
"21595",5,17,21,NA,7,8,1,48,1,5,"Postgraduate Degree"
"21596",8,1,9,3,6,9,2,67,1,2,"Junior Cycle"
"21597",NA,6,14,NA,0,8,2,27,2,NA,"Leaving Certificate"
"21598",5,1,8,2,5,6,1,70,1,5,"Junior Cycle"
"21599",5,7,14,NA,5,5,2,61,1,5,"Leaving Certificate"
"21600",9,7,13,3,8,9,1,39,2,1,"Leaving Certificate"
"21601",5,6,13,7,1,5,2,67,1,5,"Leaving Certificate"
"21602",4,11,21,8,5,7,1,46,1,6,"Advanced Certificate"
"21603",8,2,12,2,4,8,2,72,1,2,"Junior Cycle"
"21604",5,7,13,NA,3,6,2,62,1,5,"Leaving Certificate"
"21605",NA,2,6,NA,9,3,1,35,1,NA,"Junior Cycle"
"21606",6,6,14,4,4,7,1,25,1,4,"Leaving Certificate"
"21607",8,10,15,NA,6,9,1,67,1,2,"Advanced Certificate"
"21608",5,6,15,NA,0,3,1,19,1,5,"Leaving Certificate"
"21609",7,17,19,3,7,10,1,27,1,3,"Postgraduate Degree"
"21610",2,16,20,3,5,7,2,66,1,8,"Postgraduate Degree"
"21611",7,15,22,10,1,7,1,43,1,3,"Bachelor Degree"
"21612",7,15,18,7,3,5,1,NA,1,3,"Bachelor Degree"
"21613",5,6,13,NA,3,5,2,78,1,5,"Leaving Certificate"
"21614",7,15,24,1,2,10,2,51,1,3,"Bachelor Degree"
"21615",8,7,NA,6,2,7,1,61,1,2,"Leaving Certificate"
"21616",5,10,14,NA,7,7,2,58,1,5,"Advanced Certificate"
"21617",10,16,18,7,5,8,2,45,2,0,"Postgraduate Degree"
"21618",5,16,19,5,4,6,1,71,1,5,"Postgraduate Degree"
"21619",NA,12,14,8,7,8,2,39,2,NA,"Advanced Certificate"
"21620",10,3,12,1,8,6,2,72,1,0,"Junior Cycle"
"21621",8,6,15,2,0,7,2,33,1,2,"Leaving Certificate"
"21622",5,3,12,NA,7,8,1,16,1,5,"Junior Cycle"
"21623",6,14,NA,7,7,6,2,54,2,4,"Bachelor Degree"
"21624",5,15,18,10,7,8,1,38,1,5,"Bachelor Degree"
"21625",7,2,7,6,7,7,1,79,1,3,"Junior Cycle"
"21626",7,17,18,NA,6,8,2,54,1,3,"Postgraduate Degree"
"21627",8,17,20,1,1,8,2,66,2,2,"Postgraduate Degree"
"21628",0,7,19,NA,0,0,2,46,1,10,"Leaving Certificate"
"21629",9,9,14,NA,7,7,1,62,1,1,"Leaving Certificate"
"21630",8,6,14,2,7,5,1,NA,1,2,"Leaving Certificate"
"21631",6,13,15,NA,6,8,1,50,1,4,"Bachelor Degree"
"21632",8,4,12,NA,5,8,1,90,1,2,"Junior Cycle"
"21633",2,6,18,NA,5,7,2,24,1,8,"Leaving Certificate"
"21634",8,16,19,6,7,8,1,53,1,2,"Postgraduate Degree"
"21635",7,7,13,NA,NA,8,1,15,2,3,"Leaving Certificate"
"21636",8,11,15,7,2,10,1,57,1,2,"Advanced Certificate"
"21637",8,2,8,4,7,4,2,73,1,2,"Junior Cycle"
"21638",0,15,18,7,5,7,1,52,1,10,"Bachelor Degree"
"21639",7,5,7,5,4,4,2,51,1,3,"Leaving Certificate"
"21640",5,5,8,NA,1,8,2,68,1,5,"Leaving Certificate"
"21641",6,10,15,3,7,7,2,68,1,4,"Advanced Certificate"
"21642",5,3,10,NA,0,3,1,50,1,5,"Junior Cycle"
"21643",4,16,18,7,5,9,2,60,1,6,"Postgraduate Degree"
"21644",7,17,30,NA,8,5,1,74,1,3,"Postgraduate Degree"
"21645",5,7,15,2,0,10,2,35,1,5,"Leaving Certificate"
"21646",8,16,17,8,5,10,2,26,1,2,"Postgraduate Degree"
"21647",5,18,25,7,1,10,1,39,2,5,"Postgraduate Degree"
"21648",0,3,12,3,2,5,2,22,1,10,"Junior Cycle"
"21649",NA,7,22,6,5,7,2,37,1,NA,"Leaving Certificate"
"21650",2,12,15,NA,1,0,1,73,2,8,"Advanced Certificate"
"21651",8,14,16,9,6,7,1,34,1,2,"Bachelor Degree"
"21652",5,3,11,NA,0,4,1,65,1,5,"Junior Cycle"
"21653",7,15,18,NA,1,5,1,35,1,3,"Bachelor Degree"
"21654",10,17,22,8,0,4,2,48,1,0,"Postgraduate Degree"
"21655",3,2,10,3,2,5,1,48,1,7,"Junior Cycle"
"21656",8,12,14,3,4,7,2,39,2,2,"Advanced Certificate"
"21657",5,13,19,1,3,8,2,68,1,5,"Bachelor Degree"
"21658",7,2,8,3,4,2,2,74,1,3,"Junior Cycle"
"21659",7,14,17,8,4,9,2,29,2,3,"Bachelor Degree"
"21660",0,13,15,7,6,7,1,58,1,10,"Bachelor Degree"
"21661",5,13,18,NA,0,2,2,50,1,5,"Bachelor Degree"
"21662",NA,7,15,5,6,9,2,20,1,NA,"Leaving Certificate"
"21663",NA,6,14,NA,5,6,2,49,1,NA,"Leaving Certificate"
"21664",10,6,14,6,5,5,2,43,2,0,"Leaving Certificate"
"21665",NA,6,13,NA,7,NA,2,67,1,NA,"Leaving Certificate"
"21666",7,4,12,3,6,3,2,64,2,3,"Junior Cycle"
"21667",3,16,17,6,5,3,2,55,1,7,"Postgraduate Degree"
"21668",NA,2,11,1,3,NA,2,81,1,NA,"Junior Cycle"
"21669",5,13,21,NA,1,5,2,38,1,5,"Bachelor Degree"
"21670",8,16,16,4,4,9,2,67,1,2,"Postgraduate Degree"
"21671",10,6,15,NA,8,8,1,71,1,0,"Leaving Certificate"
"21672",7,13,16,3,7,5,2,71,1,3,"Bachelor Degree"
"21673",8,17,21,NA,7,8,2,48,1,2,"Postgraduate Degree"
"21674",5,17,21,10,7,7,1,43,1,5,"Postgraduate Degree"
"21675",6,6,13,9,6,7,1,79,1,4,"Leaving Certificate"
"21676",6,2,6,4,4,8,1,84,1,4,"Junior Cycle"
"21677",8,5,14,3,0,8,2,71,1,2,"Leaving Certificate"
"21678",5,10,17,4,0,7,2,55,2,5,"Advanced Certificate"
"21679",9,15,16,9,4,8,2,35,2,1,"Bachelor Degree"
"21680",5,17,19,NA,5,5,2,75,1,5,"Postgraduate Degree"
"21681",NA,2,9,4,0,5,2,70,1,NA,"Junior Cycle"
"21682",8,5,15,3,8,9,1,19,2,2,"Leaving Certificate"
"21683",NA,1,4,1,4,NA,1,52,1,NA,"Junior Cycle"
"21684",8,8,16,10,2,8,1,43,1,2,"Leaving Certificate"
"21685",5,3,9,3,5,10,1,17,1,5,"Junior Cycle"
"21686",5,3,13,NA,7,7,1,18,1,5,"Junior Cycle"
"21687",8,6,13,2,0,1,2,29,1,2,"Leaving Certificate"
"21688",5,10,15,1,3,7,2,35,1,5,"Advanced Certificate"
"21689",1,5,12,3,5,8,1,60,2,9,"Leaving Certificate"
"21690",3,7,18,6,2,4,1,38,1,7,"Leaving Certificate"
"21691",6,6,16,3,6,7,1,22,2,4,"Leaving Certificate"
"21692",5,8,16,NA,5,3,1,21,1,5,"Leaving Certificate"
"21693",6,6,14,NA,6,3,2,41,1,4,"Leaving Certificate"
"21694",8,7,16,3,5,8,2,40,1,2,"Leaving Certificate"
"21695",7,3,12,2,0,5,1,17,1,3,"Junior Cycle"
"21696",0,5,12,NA,2,6,2,74,1,10,"Leaving Certificate"
"21697",5,3,10,1,6,10,2,87,1,5,"Junior Cycle"
"21698",2,18,22,10,3,7,1,62,1,8,"Postgraduate Degree"
"21699",6,8,14,NA,4,6,1,60,1,4,"Leaving Certificate"
"21700",5,7,15,NA,2,5,2,69,1,5,"Leaving Certificate"
"21701",6,15,16,4,3,8,2,78,1,4,"Bachelor Degree"
"21702",3,6,13,6,7,7,2,64,1,7,"Leaving Certificate"
"21703",10,16,25,3,0,5,2,39,1,0,"Postgraduate Degree"
"21704",NA,2,9,1,5,NA,2,85,1,NA,"Junior Cycle"
"21705",9,17,19,9,7,7,1,44,2,1,"Postgraduate Degree"
"21706",3,3,14,3,0,1,2,58,1,7,"Junior Cycle"
"21707",NA,13,14,NA,0,5,2,41,1,NA,"Bachelor Degree"
"21708",9,13,17,4,NA,10,1,56,2,1,"Bachelor Degree"
"21709",9,15,17,6,2,7,2,26,1,1,"Bachelor Degree"
"21710",8,8,14,NA,4,7,1,68,1,2,"Leaving Certificate"
"21711",10,1,6,1,0,9,1,61,1,0,"Junior Cycle"
"21712",4,16,17,10,2,5,1,64,1,6,"Postgraduate Degree"
"21713",9,17,17,5,8,9,1,57,1,1,"Postgraduate Degree"
"21714",NA,13,18,3,4,9,2,63,1,NA,"Bachelor Degree"
"21715",4,17,19,NA,5,6,1,60,1,6,"Postgraduate Degree"
"21716",6,16,19,NA,5,7,2,24,1,4,"Postgraduate Degree"
"21717",6,13,15,10,3,10,1,52,1,4,"Bachelor Degree"
"21718",4,14,18,NA,2,5,2,28,1,6,"Bachelor Degree"
"21719",4,14,19,8,2,6,2,29,1,6,"Bachelor Degree"
"21720",6,4,NA,5,5,6,1,59,1,4,"Junior Cycle"
"21721",6,15,17,NA,7,5,1,37,1,4,"Bachelor Degree"
"21722",0,12,20,7,10,7,2,90,1,10,"Advanced Certificate"
"21723",6,6,14,1,0,5,2,61,1,4,"Leaving Certificate"
"21724",8,15,NA,5,7,7,2,63,1,2,"Bachelor Degree"
"21725",5,6,14,4,6,7,1,83,1,5,"Leaving Certificate"
"21726",NA,6,14,4,NA,10,1,33,2,NA,"Leaving Certificate"
"21727",6,5,15,5,9,6,2,44,1,4,"Leaving Certificate"
"21728",10,15,17,10,8,10,1,57,1,0,"Bachelor Degree"
"21729",7,3,14,3,4,8,2,68,1,3,"Junior Cycle"
"21730",10,16,18,NA,6,7,1,74,1,0,"Postgraduate Degree"
"21731",7,7,13,NA,3,7,2,62,1,3,"Leaving Certificate"
"21732",8,17,19,NA,2,8,1,63,1,2,"Postgraduate Degree"
"21733",6,10,NA,5,8,5,2,89,1,4,"Advanced Certificate"
"21734",7,17,18,NA,4,8,1,68,1,3,"Postgraduate Degree"
"21735",5,1,4,3,3,7,1,74,1,5,"Junior Cycle"
"21736",5,8,15,NA,5,6,2,31,2,5,"Leaving Certificate"
"21737",10,17,18,NA,8,8,1,22,1,0,"Postgraduate Degree"
"21738",1,2,7,3,3,NA,2,73,1,9,"Junior Cycle"
"21739",8,5,12,2,7,6,1,62,1,2,"Leaving Certificate"
"21740",3,18,18,NA,6,7,1,64,2,7,"Postgraduate Degree"
"21741",5,12,18,NA,1,5,1,56,1,5,"Advanced Certificate"
"21742",7,14,16,6,6,7,2,30,1,3,"Bachelor Degree"
"21743",5,4,12,5,5,9,1,63,2,5,"Junior Cycle"
"21744",10,14,19,NA,0,5,2,35,1,0,"Bachelor Degree"
"21745",3,7,13,10,6,6,1,73,2,7,"Leaving Certificate"
"21746",3,7,15,5,2,4,2,19,1,7,"Leaving Certificate"
"21747",7,6,14,NA,8,9,2,61,1,3,"Leaving Certificate"
"21748",10,13,17,2,9,10,2,33,2,0,"Bachelor Degree"
"21749",8,8,19,NA,0,5,1,52,2,2,"Leaving Certificate"
"21750",5,1,7,2,2,6,2,73,1,5,"Junior Cycle"
"21751",5,16,25,10,6,9,2,40,1,5,"Postgraduate Degree"
"21752",2,6,14,NA,0,5,2,57,1,8,"Leaving Certificate"
"21753",5,6,13,3,0,6,1,56,1,5,"Leaving Certificate"
"21754",7,15,18,7,3,4,1,34,1,3,"Bachelor Degree"
"21755",9,9,18,3,5,7,2,43,2,1,"Leaving Certificate"
"21756",3,2,11,1,6,4,1,66,1,7,"Junior Cycle"
"21757",NA,13,15,NA,0,6,1,46,1,NA,"Bachelor Degree"
"21758",3,1,0,NA,2,4,1,71,1,7,"Junior Cycle"
"21759",5,6,13,5,NA,6,2,83,1,5,"Leaving Certificate"
"21760",4,2,9,2,3,6,2,66,2,6,"Junior Cycle"
"21761",5,6,14,2,5,5,2,89,1,5,"Leaving Certificate"
"21762",9,15,17,8,6,8,1,NA,1,1,"Bachelor Degree"
"21763",7,8,13,NA,3,5,1,61,1,3,"Leaving Certificate"
"21764",1,2,10,NA,4,4,2,74,1,9,"Junior Cycle"
"21765",8,6,15,8,6,7,1,57,1,2,"Leaving Certificate"
"21766",7,13,15,5,6,8,1,75,1,3,"Bachelor Degree"
"21767",10,16,17,NA,3,9,1,39,2,0,"Postgraduate Degree"
"21768",6,13,13,NA,8,8,2,32,1,4,"Bachelor Degree"
"21769",5,10,15,7,4,3,1,56,1,5,"Advanced Certificate"
"21770",9,13,18,5,5,4,2,35,2,1,"Bachelor Degree"
"21771",7,3,11,1,2,3,1,64,1,3,"Junior Cycle"
"21772",NA,8,NA,NA,6,8,1,45,2,NA,"Leaving Certificate"
"21773",3,6,13,1,6,7,1,82,1,7,"Leaving Certificate"
"21774",4,2,10,NA,5,0,2,86,1,6,"Junior Cycle"
"21775",6,16,19,NA,5,6,2,57,1,4,"Postgraduate Degree"
"21776",3,13,14,7,8,8,1,42,2,7,"Bachelor Degree"
"21777",5,6,16,10,6,10,1,49,1,5,"Leaving Certificate"
"21778",6,18,30,10,6,10,1,61,1,4,"Postgraduate Degree"
"21779",5,10,19,NA,1,9,1,63,2,5,"Advanced Certificate"
"21780",10,14,18,8,7,8,1,35,1,0,"Bachelor Degree"
"21781",7,3,13,9,4,8,2,18,1,3,"Junior Cycle"
"21782",0,6,18,NA,0,5,2,68,1,10,"Leaving Certificate"
"21783",8,6,14,6,0,9,1,19,1,2,"Leaving Certificate"
"21784",3,13,15,4,5,9,2,54,1,7,"Bachelor Degree"
"21785",7,14,NA,5,4,7,1,42,1,3,"Bachelor Degree"
"21786",1,3,12,6,5,7,1,72,1,9,"Junior Cycle"
"21787",2,16,18,10,1,8,1,62,2,8,"Postgraduate Degree"
"21788",5,6,18,NA,5,5,2,36,2,5,"Leaving Certificate"
"21789",8,16,16,4,6,6,1,57,1,2,"Postgraduate Degree"
"21790",NA,17,21,5,6,8,2,56,1,NA,"Postgraduate Degree"
"21791",8,2,8,4,0,7,1,76,1,2,"Junior Cycle"
"21792",7,NA,15,NA,5,7,1,73,2,3,NA
"21793",5,17,20,NA,6,8,1,47,1,5,"Postgraduate Degree"
"21794",5,17,17,5,7,7,2,38,2,5,"Postgraduate Degree"
"21795",6,10,14,1,1,6,2,68,1,4,"Advanced Certificate"
"21796",5,13,18,NA,5,9,2,71,1,5,"Bachelor Degree"
"21797",2,6,14,1,5,5,2,49,1,8,"Leaving Certificate"
"21798",8,9,14,5,5,4,2,51,1,2,"Leaving Certificate"
"21799",5,16,18,9,2,6,1,38,1,5,"Postgraduate Degree"
"21800",4,16,20,4,5,5,2,60,1,6,"Postgraduate Degree"
"21801",8,10,15,7,5,5,1,76,1,2,"Advanced Certificate"
"21802",4,15,17,8,7,8,2,53,1,6,"Bachelor Degree"
"21803",7,17,21,9,6,8,1,63,1,3,"Postgraduate Degree"
"21804",5,3,12,3,3,5,2,56,2,5,"Junior Cycle"
"21805",NA,8,15,NA,5,8,1,49,1,NA,"Leaving Certificate"
"21806",NA,2,8,3,2,8,2,55,1,NA,"Junior Cycle"
"21807",0,5,12,NA,7,6,1,56,1,10,"Leaving Certificate"
"21808",9,8,14,3,3,7,1,66,1,1,"Leaving Certificate"
"21809",10,13,13,NA,4,10,1,20,2,0,"Bachelor Degree"
"21810",1,2,8,4,2,3,1,70,1,9,"Junior Cycle"
"21811",5,15,16,NA,7,8,1,50,2,5,"Bachelor Degree"
"21812",7,16,22,4,2,6,1,24,1,3,"Postgraduate Degree"
"21813",5,9,13,4,6,6,1,68,1,5,"Leaving Certificate"
"21814",9,17,19,NA,4,10,1,58,1,1,"Postgraduate Degree"
"21815",5,6,13,6,3,6,1,67,1,5,"Leaving Certificate"
"21816",7,16,21,7,8,4,1,63,1,3,"Postgraduate Degree"
"21817",0,3,11,2,0,0,2,NA,1,10,"Junior Cycle"
"21818",8,7,15,9,6,7,2,20,2,2,"Leaving Certificate"
"21819",5,16,21,8,5,8,2,41,1,5,"Postgraduate Degree"
"21820",7,4,14,7,7,4,1,82,1,3,"Junior Cycle"
"21821",NA,2,7,NA,9,7,2,66,1,NA,"Junior Cycle"
"21822",7,8,13,NA,2,5,1,38,1,3,"Leaving Certificate"
"21823",5,15,21,5,3,9,1,71,1,5,"Bachelor Degree"
"21824",5,6,15,6,3,8,2,72,2,5,"Leaving Certificate"
"21825",6,NA,16,4,2,7,1,70,2,4,NA
"21826",5,6,15,8,0,8,1,20,1,5,"Leaving Certificate"
"21827",5,13,19,10,2,5,1,61,1,5,"Bachelor Degree"
"21828",NA,3,12,2,3,5,2,69,1,NA,"Junior Cycle"
"21829",3,12,17,4,1,4,2,23,1,7,"Advanced Certificate"
"21830",NA,17,18,NA,NA,10,1,27,2,NA,"Postgraduate Degree"
"21831",4,6,13,1,8,6,2,84,1,6,"Leaving Certificate"
"21832",5,2,7,1,3,6,1,NA,1,5,"Junior Cycle"
"21833",5,2,10,NA,8,7,1,72,2,5,"Junior Cycle"
"21834",5,13,14,6,4,7,1,40,1,5,"Bachelor Degree"
"21835",1,6,14,9,4,2,1,79,1,9,"Leaving Certificate"
"21836",7,6,13,NA,6,5,2,35,1,3,"Leaving Certificate"
"21837",NA,4,10,2,5,3,2,71,1,NA,"Junior Cycle"
"21838",8,13,20,NA,7,8,1,73,1,2,"Bachelor Degree"
"21839",4,9,17,4,0,NA,2,43,1,6,"Leaving Certificate"
"21840",8,9,15,5,7,8,2,49,1,2,"Leaving Certificate"
"21841",6,18,23,NA,7,7,2,46,2,4,"Postgraduate Degree"
"21842",7,14,17,7,8,7,1,45,1,3,"Bachelor Degree"
"21843",6,2,10,2,7,6,2,85,1,4,"Junior Cycle"
"21844",9,9,NA,3,5,5,1,52,1,1,"Leaving Certificate"
"21845",6,16,17,NA,2,10,2,45,1,4,"Postgraduate Degree"
"21846",7,2,8,5,5,3,2,72,1,3,"Junior Cycle"
"21847",5,13,17,9,6,10,2,53,1,5,"Bachelor Degree"
"21848",3,15,16,NA,0,2,2,63,1,7,"Bachelor Degree"
"21849",9,6,14,6,4,8,2,69,1,1,"Leaving Certificate"
"21850",5,3,13,NA,2,5,2,72,1,5,"Junior Cycle"
"21851",8,12,16,NA,4,8,2,34,2,2,"Advanced Certificate"
"21852",10,6,14,6,8,10,1,19,1,0,"Leaving Certificate"
"21853",7,8,14,NA,5,5,1,60,1,3,"Leaving Certificate"
"21854",1,9,14,5,5,9,1,76,1,9,"Leaving Certificate"
"21855",1,4,11,3,4,7,1,64,2,9,"Junior Cycle"
"21856",10,2,12,2,8,9,1,66,1,0,"Junior Cycle"
"21857",8,6,17,3,0,8,2,49,1,2,"Leaving Certificate"
"21858",5,15,16,4,2,7,1,NA,1,5,"Bachelor Degree"
"21859",NA,13,23,5,2,7,2,37,1,NA,"Bachelor Degree"
"21860",8,2,8,1,7,8,1,84,1,2,"Junior Cycle"
"21861",NA,12,16,4,7,6,2,29,1,NA,"Advanced Certificate"
"21862",7,9,14,8,5,7,2,27,1,3,"Leaving Certificate"
"21863",4,7,16,10,6,5,1,NA,1,6,"Leaving Certificate"
"21864",6,1,5,NA,3,1,1,72,1,4,"Junior Cycle"
"21865",7,7,13,NA,5,5,2,68,1,3,"Leaving Certificate"
"21866",6,18,25,4,2,7,1,30,2,4,"Postgraduate Degree"
"21867",2,3,10,6,7,7,1,79,1,8,"Junior Cycle"
"21868",2,10,16,2,7,7,2,42,1,8,"Advanced Certificate"
"21869",7,6,13,7,7,7,1,79,2,3,"Leaving Certificate"
"21870",3,6,16,NA,0,0,2,37,1,7,"Leaving Certificate"
"21871",8,2,5,NA,5,8,1,60,2,2,"Junior Cycle"
"21872",5,7,13,NA,5,7,2,20,1,5,"Leaving Certificate"
"21873",7,2,9,1,7,5,1,75,1,3,"Junior Cycle"
"21874",NA,2,8,1,8,7,2,85,1,NA,"Junior Cycle"
"21875",7,8,20,NA,7,7,1,69,1,3,"Leaving Certificate"
"21876",2,7,13,3,2,7,2,56,2,8,"Leaving Certificate"
"21877",7,NA,13,NA,7,8,2,38,2,3,NA
"21878",8,17,20,10,4,9,1,90,1,2,"Postgraduate Degree"
"21879",7,16,19,7,6,6,2,66,2,3,"Postgraduate Degree"
"21880",9,2,10,3,4,6,2,83,1,1,"Junior Cycle"
"21881",NA,10,15,8,8,7,2,43,1,NA,"Advanced Certificate"
"21882",8,6,18,2,5,8,2,41,1,2,"Leaving Certificate"
"21883",NA,12,16,NA,7,8,2,40,2,NA,"Advanced Certificate"
"21884",1,7,13,4,6,6,1,41,1,9,"Leaving Certificate"
"21885",NA,2,9,5,3,2,2,64,1,NA,"Junior Cycle"
"21886",4,2,8,NA,2,3,1,76,1,6,"Junior Cycle"
"21887",8,6,13,2,3,3,2,63,1,2,"Leaving Certificate"
"21888",8,16,NA,NA,8,8,2,30,1,2,"Postgraduate Degree"
"21889",0,15,19,NA,7,5,1,33,1,10,"Bachelor Degree"
"21890",1,2,8,NA,2,7,1,78,1,9,"Junior Cycle"
"21891",8,13,17,2,6,8,2,70,1,2,"Bachelor Degree"
"21892",7,7,NA,5,5,7,2,71,1,3,"Leaving Certificate"
"21893",5,12,15,2,2,9,2,62,1,5,"Advanced Certificate"
"21894",8,17,17,7,5,7,2,48,1,2,"Postgraduate Degree"
"21895",8,7,13,4,3,10,2,62,1,2,"Leaving Certificate"
"21896",6,14,18,NA,3,6,2,NA,1,4,"Bachelor Degree"
"21897",NA,1,8,1,NA,NA,2,73,1,NA,"Junior Cycle"
"21898",8,2,12,2,2,NA,1,80,1,2,"Junior Cycle"
"21899",NA,6,13,NA,NA,8,2,33,2,NA,"Leaving Certificate"
"21900",7,18,20,5,4,5,1,57,1,3,"Postgraduate Degree"
"21901",5,8,17,3,6,8,1,48,1,5,"Leaving Certificate"
"21902",10,13,24,NA,1,10,2,63,2,0,"Bachelor Degree"
"21903",10,14,NA,NA,NA,7,1,55,1,0,"Bachelor Degree"
"21904",5,3,10,1,0,7,2,86,1,5,"Junior Cycle"
"21905",10,16,18,2,0,10,1,37,2,0,"Postgraduate Degree"
"21906",3,17,17,7,5,6,1,62,2,7,"Postgraduate Degree"
"21907",5,15,20,3,3,9,2,51,1,5,"Bachelor Degree"
"21908",7,12,14,6,6,7,2,62,1,3,"Advanced Certificate"
"21909",5,16,16,5,2,2,1,82,1,5,"Postgraduate Degree"
"21910",6,16,25,5,4,7,2,47,1,4,"Postgraduate Degree"
"21911",NA,4,12,NA,6,NA,2,76,1,NA,"Junior Cycle"
"21912",8,1,12,1,1,8,1,82,1,2,"Junior Cycle"
"21913",9,2,8,6,0,8,1,78,1,1,"Junior Cycle"
"21914",2,2,8,2,5,5,2,72,1,8,"Junior Cycle"
"21915",6,NA,15,NA,4,3,2,33,1,4,NA
"21916",5,2,6,NA,0,0,2,72,1,5,"Junior Cycle"
"21917",9,6,13,5,5,NA,2,53,1,1,"Leaving Certificate"
"21918",0,17,20,1,2,5,1,37,1,10,"Postgraduate Degree"
"21919",2,9,15,4,2,5,2,33,2,8,"Leaving Certificate"
"21920",5,6,13,4,4,7,2,55,1,5,"Leaving Certificate"
"21921",NA,8,15,NA,0,6,1,41,1,NA,"Leaving Certificate"
"21922",NA,3,11,NA,1,2,1,62,1,NA,"Junior Cycle"
"21923",8,13,15,1,8,10,2,81,1,2,"Bachelor Degree"
"21924",5,1,4,NA,4,5,1,65,1,5,"Junior Cycle"
"21925",7,14,16,10,6,8,1,36,1,3,"Bachelor Degree"
"21926",10,16,20,5,6,10,1,69,1,0,"Postgraduate Degree"
"21927",NA,2,8,NA,7,NA,1,79,1,NA,"Junior Cycle"
"21928",10,13,18,NA,5,10,2,66,1,0,"Bachelor Degree"
"21929",1,6,14,3,0,5,2,59,1,9,"Leaving Certificate"
"21930",5,18,18,NA,4,8,1,62,1,5,"Postgraduate Degree"
"21931",5,15,18,NA,5,6,2,32,2,5,"Bachelor Degree"
"21932",5,3,13,3,5,9,1,57,1,5,"Junior Cycle"
"21933",NA,3,12,NA,8,5,2,81,1,NA,"Junior Cycle"
"21934",8,3,8,6,0,10,2,31,2,2,"Junior Cycle"
"21935",NA,6,18,1,4,7,2,46,2,NA,"Leaving Certificate"
"21936",6,16,20,7,5,8,1,81,1,4,"Postgraduate Degree"
"21937",6,14,21,NA,6,8,1,29,1,4,"Bachelor Degree"
"21938",4,17,26,4,3,5,1,80,1,6,"Postgraduate Degree"
"21939",3,9,16,7,1,5,1,46,1,7,"Leaving Certificate"
"21940",8,15,20,7,9,8,1,84,1,2,"Bachelor Degree"
"21941",5,7,13,5,5,8,2,60,2,5,"Leaving Certificate"
"21942",5,6,NA,6,4,4,1,52,1,5,"Leaving Certificate"
"21943",NA,3,NA,1,0,0,1,52,1,NA,"Junior Cycle"
"21944",5,6,13,5,4,7,2,39,1,5,"Leaving Certificate"
"21945",8,10,16,5,0,10,1,69,1,2,"Advanced Certificate"
"21946",7,3,10,7,8,7,1,63,1,3,"Junior Cycle"
"21947",NA,6,13,8,4,8,2,54,1,NA,"Leaving Certificate"
"21948",8,12,16,4,5,5,2,32,1,2,"Advanced Certificate"
"21949",7,3,6,1,7,9,1,20,1,3,"Junior Cycle"
"21950",2,13,20,9,6,6,2,49,1,8,"Bachelor Degree"
"21951",5,3,11,1,2,7,2,72,1,5,"Junior Cycle"
"21952",0,5,10,NA,0,5,1,48,1,10,"Leaving Certificate"
"21953",7,17,19,5,NA,5,1,19,2,3,"Postgraduate Degree"
"21954",6,NA,10,3,NA,NA,2,NA,1,4,NA
"21955",NA,3,11,3,4,0,2,43,1,NA,"Junior Cycle"
"21956",4,17,24,4,2,8,1,31,1,6,"Postgraduate Degree"
"21957",8,6,20,4,8,6,1,41,2,2,"Leaving Certificate"
"21958",8,9,14,3,6,7,2,63,1,2,"Leaving Certificate"
"21959",9,3,11,2,2,5,1,62,1,1,"Junior Cycle"
"21960",3,4,14,3,5,6,2,57,1,7,"Junior Cycle"
"21961",7,6,15,6,0,8,1,62,1,3,"Leaving Certificate"
"21962",6,2,8,1,2,3,1,67,1,4,"Junior Cycle"
"21963",2,2,8,3,3,4,1,68,1,8,"Junior Cycle"
"21964",7,12,16,3,4,7,2,46,1,3,"Advanced Certificate"
"21965",8,6,20,3,9,7,1,27,2,2,"Leaving Certificate"
"21966",7,6,14,1,1,7,2,71,1,3,"Leaving Certificate"
"21967",0,6,14,4,2,10,2,42,1,10,"Leaving Certificate"
"21968",6,13,NA,8,6,8,2,59,1,4,"Bachelor Degree"
"21969",8,3,13,2,8,9,1,62,1,2,"Junior Cycle"
"21970",7,6,14,1,6,8,1,61,1,3,"Leaving Certificate"
"21971",7,5,14,4,3,2,2,23,1,3,"Leaving Certificate"
"21972",5,11,18,8,1,8,1,64,1,5,"Advanced Certificate"
"21973",8,6,13,NA,0,5,2,74,1,2,"Leaving Certificate"
"21974",7,13,19,7,10,8,2,34,2,3,"Bachelor Degree"
"21975",4,12,15,NA,2,6,2,78,1,6,"Advanced Certificate"
"21976",8,3,12,8,5,7,2,62,1,2,"Junior Cycle"
"21977",5,13,18,10,7,6,2,57,2,5,"Bachelor Degree"
"21978",3,3,11,1,3,5,2,57,1,7,"Junior Cycle"
"21979",5,3,12,NA,3,9,2,61,1,5,"Junior Cycle"
"21980",5,2,10,1,5,7,2,57,1,5,"Junior Cycle"
"21981",5,15,18,NA,3,7,2,28,1,5,"Bachelor Degree"
"21982",8,6,13,4,7,9,2,52,1,2,"Leaving Certificate"
"21983",6,6,14,5,6,10,1,60,1,4,"Leaving Certificate"
"21984",NA,15,NA,10,5,10,2,42,2,NA,"Bachelor Degree"
"21985",1,13,17,6,3,6,1,62,1,9,"Bachelor Degree"
"21986",5,14,19,NA,5,9,2,36,1,5,"Bachelor Degree"
"21987",6,7,NA,7,9,7,1,62,1,4,"Leaving Certificate"
"21988",2,2,8,1,5,5,2,84,1,8,"Junior Cycle"
"21989",8,4,15,6,5,7,2,54,1,2,"Junior Cycle"
"21990",8,7,18,3,4,8,2,46,1,2,"Leaving Certificate"
"21991",5,14,17,10,2,7,2,24,1,5,"Bachelor Degree"
"21992",5,3,10,4,4,5,2,51,1,5,"Junior Cycle"
"21993",NA,3,12,1,3,2,2,67,1,NA,"Junior Cycle"
"21994",5,4,12,2,6,8,1,85,1,5,"Junior Cycle"
"21995",8,6,15,3,0,9,2,NA,2,2,"Leaving Certificate"
"21996",4,3,11,2,1,3,1,70,1,6,"Junior Cycle"
"21997",5,2,8,1,1,5,1,NA,1,5,"Junior Cycle"
"21998",NA,7,13,NA,8,6,1,35,1,NA,"Leaving Certificate"
"21999",8,3,9,2,5,8,1,39,1,2,"Junior Cycle"
"22000",NA,14,16,8,4,8,1,27,2,NA,"Bachelor Degree"
"22001",8,8,NA,1,4,NA,2,70,1,2,"Leaving Certificate"
"22002",7,17,19,10,6,8,2,46,1,3,"Postgraduate Degree"
"22003",2,8,16,6,0,6,1,45,1,8,"Leaving Certificate"
"22004",6,4,15,6,2,4,2,40,1,4,"Junior Cycle"
"22005",7,12,NA,6,8,4,2,62,2,3,"Advanced Certificate"
"22006",7,14,17,5,4,9,1,NA,2,3,"Bachelor Degree"
"22007",4,17,17,NA,2,7,2,73,1,6,"Postgraduate Degree"
"22008",8,13,17,NA,6,6,2,20,1,2,"Bachelor Degree"
"22009",4,13,16,NA,0,5,1,46,1,6,"Bachelor Degree"
"22010",3,6,14,NA,0,2,2,NA,1,7,"Leaving Certificate"
"22011",5,3,11,2,1,4,2,72,1,5,"Junior Cycle"
"22012",6,17,18,8,4,7,1,43,1,4,"Postgraduate Degree"
"22013",5,13,18,NA,6,5,1,35,1,5,"Bachelor Degree"
"22014",5,3,9,NA,4,5,1,23,1,5,"Junior Cycle"
"22015",10,16,21,8,9,10,1,32,2,0,"Postgraduate Degree"
"22016",2,16,NA,3,0,5,1,90,1,8,"Postgraduate Degree"
"22017",5,6,14,9,2,9,2,47,1,5,"Leaving Certificate"
"22018",3,5,11,6,2,4,1,39,1,7,"Leaving Certificate"
"22019",5,18,21,3,5,8,2,46,2,5,"Postgraduate Degree"
"22020",6,17,20,4,5,6,1,39,2,4,"Postgraduate Degree"
"22021",8,3,11,4,5,6,1,83,1,2,"Junior Cycle"
"22022",5,6,18,NA,2,6,2,80,1,5,"Leaving Certificate"
"22023",4,14,18,8,2,10,2,39,1,6,"Bachelor Degree"
"22024",5,13,18,7,4,8,2,42,1,5,"Bachelor Degree"
"22025",2,4,12,3,2,4,1,37,1,8,"Junior Cycle"
"22026",5,7,16,6,3,10,2,34,1,5,"Leaving Certificate"
"22027",10,6,13,4,4,10,1,18,2,0,"Leaving Certificate"
"22028",9,17,19,6,6,10,2,57,2,1,"Postgraduate Degree"
"22029",7,5,10,4,1,2,1,74,1,3,"Leaving Certificate"
"22030",10,3,13,5,3,7,1,56,2,0,"Junior Cycle"
"22031",1,5,17,NA,0,1,2,55,2,9,"Leaving Certificate"
"22032",6,10,16,4,10,8,2,42,2,4,"Advanced Certificate"
"22033",5,2,9,2,1,5,1,65,1,5,"Junior Cycle"
"22034",5,3,11,NA,0,5,1,59,1,5,"Junior Cycle"
"22035",5,13,17,NA,0,4,2,36,1,5,"Bachelor Degree"
"22036",1,4,11,1,NA,3,2,79,1,9,"Junior Cycle"
"22037",NA,16,18,5,6,7,1,45,1,NA,"Postgraduate Degree"
"22038",5,14,18,9,4,5,1,44,2,5,"Bachelor Degree"
"22039",5,4,10,1,0,9,2,NA,1,5,"Junior Cycle"
"22040",NA,6,13,2,2,4,2,45,1,NA,"Leaving Certificate"
"22041",5,15,18,7,2,5,2,62,1,5,"Bachelor Degree"
"22042",3,3,11,NA,8,6,1,84,1,7,"Junior Cycle"
"22043",5,16,19,6,1,7,2,49,1,5,"Postgraduate Degree"
"22044",1,13,16,9,5,7,1,61,2,9,"Bachelor Degree"
"22045",5,8,14,NA,3,5,1,64,1,5,"Leaving Certificate"
"22046",0,6,NA,2,3,9,2,35,2,10,"Leaving Certificate"
"22047",5,16,17,6,3,5,1,76,1,5,"Postgraduate Degree"
"22048",5,5,11,5,6,6,2,68,1,5,"Leaving Certificate"
"22049",4,9,15,NA,5,5,1,86,1,6,"Leaving Certificate"
"22050",5,14,16,6,6,8,2,19,1,5,"Bachelor Degree"
"22051",7,16,21,10,7,5,2,53,1,3,"Postgraduate Degree"
"22052",5,NA,14,NA,5,6,2,42,1,5,NA
"22053",8,3,12,NA,5,6,2,16,1,2,"Junior Cycle"
"22054",4,13,15,2,6,7,2,90,1,6,"Bachelor Degree"
"22055",10,3,12,9,1,8,2,16,1,0,"Junior Cycle"
"22056",5,17,21,NA,1,5,2,47,2,5,"Postgraduate Degree"
"22057",6,15,NA,8,6,8,1,35,1,4,"Bachelor Degree"
"22058",6,17,17,6,0,10,1,35,1,4,"Postgraduate Degree"
"22059",NA,3,13,NA,2,5,2,73,1,NA,"Junior Cycle"
"22060",5,16,19,NA,4,5,2,35,1,5,"Postgraduate Degree"
"22061",3,6,13,NA,7,3,2,84,1,7,"Leaving Certificate"
"22062",7,12,15,9,4,7,2,58,1,3,"Advanced Certificate"
"22063",5,17,20,NA,9,10,1,37,1,5,"Postgraduate Degree"
"22064",5,6,13,NA,0,5,2,74,1,5,"Leaving Certificate"
"22065",5,9,14,5,5,8,2,29,2,5,"Leaving Certificate"
"22066",7,6,15,2,8,8,2,30,1,3,"Leaving Certificate"
"22067",1,16,18,10,5,8,1,57,1,9,"Postgraduate Degree"
"22068",8,3,11,3,6,8,2,32,1,2,"Junior Cycle"
"22069",6,14,18,NA,2,0,1,33,1,4,"Bachelor Degree"
"22070",3,7,16,6,2,4,1,53,1,7,"Leaving Certificate"
"22071",2,6,14,1,2,2,1,72,1,8,"Leaving Certificate"
"22072",9,6,15,3,1,8,2,57,1,1,"Leaving Certificate"
"22073",5,4,12,2,5,10,2,46,2,5,"Junior Cycle"
"22074",5,16,16,8,4,9,2,60,1,5,"Postgraduate Degree"
"22075",5,3,11,5,4,7,2,74,1,5,"Junior Cycle"
"22076",NA,17,17,NA,4,6,2,27,1,NA,"Postgraduate Degree"
"22077",5,7,15,6,NA,7,1,45,2,5,"Leaving Certificate"
"22078",5,10,18,NA,6,10,2,34,1,5,"Advanced Certificate"
"22079",9,7,18,4,7,10,1,29,2,1,"Leaving Certificate"
"22080",8,10,14,9,4,8,1,60,1,2,"Advanced Certificate"
"22081",NA,14,17,NA,7,5,1,25,1,NA,"Bachelor Degree"
"22082",NA,2,10,NA,4,3,2,75,1,NA,"Junior Cycle"
"22083",7,6,14,NA,6,9,1,21,1,3,"Leaving Certificate"
"22084",NA,7,15,NA,4,5,2,45,1,NA,"Leaving Certificate"
"22085",5,1,8,1,3,6,1,68,1,5,"Junior Cycle"
"22086",5,2,8,1,0,6,1,71,1,5,"Junior Cycle"
"22087",5,2,8,NA,0,8,2,54,1,5,"Junior Cycle"
"22088",9,15,17,3,5,8,1,61,2,1,"Bachelor Degree"
"22089",5,2,7,5,3,6,2,90,1,5,"Junior Cycle"
"22090",6,9,17,NA,4,4,1,56,2,4,"Leaving Certificate"
"22091",6,15,18,5,4,9,1,61,2,4,"Bachelor Degree"
"22092",8,13,17,5,8,8,1,61,1,2,"Bachelor Degree"
"22093",NA,5,12,NA,0,6,2,64,1,NA,"Leaving Certificate"
"22094",NA,6,14,NA,0,5,2,73,1,NA,"Leaving Certificate"
"22095",NA,10,15,4,6,4,2,25,1,NA,"Advanced Certificate"
"22096",8,2,9,3,7,7,1,75,1,2,"Junior Cycle"
"22097",NA,6,14,3,0,8,2,48,1,NA,"Leaving Certificate"
"22098",6,6,14,NA,6,6,2,74,1,4,"Leaving Certificate"
"22099",6,6,13,NA,5,7,1,46,1,4,"Leaving Certificate"
"22100",6,6,14,NA,5,9,2,87,1,4,"Leaving Certificate"
"22101",2,3,9,NA,5,5,2,62,1,8,"Junior Cycle"
"22102",3,12,13,3,5,5,1,55,1,7,"Advanced Certificate"
"22103",4,6,13,NA,5,3,1,72,1,6,"Leaving Certificate"
"22104",5,7,NA,6,9,7,1,69,2,5,"Leaving Certificate"
"22105",5,13,17,2,3,7,2,67,1,5,"Bachelor Degree"
"22106",2,17,18,4,3,6,2,61,2,8,"Postgraduate Degree"
"22107",8,13,14,5,3,7,2,62,1,2,"Bachelor Degree"
"22108",0,3,10,NA,5,8,1,60,1,10,"Junior Cycle"
"22109",8,17,18,2,5,6,1,72,2,2,"Postgraduate Degree"
"22110",8,3,10,3,0,10,1,73,1,2,"Junior Cycle"
"22111",5,6,18,NA,0,2,1,75,1,5,"Leaving Certificate"
"22112",10,16,17,5,1,7,2,63,1,0,"Postgraduate Degree"
"22113",NA,NA,15,NA,NA,10,2,22,2,NA,NA
"22114",6,2,10,3,5,3,2,75,1,4,"Junior Cycle"
"22115",4,3,11,1,7,5,2,69,2,6,"Junior Cycle"
"22116",5,16,24,NA,5,8,1,28,1,5,"Postgraduate Degree"
"22117",0,4,10,2,NA,10,2,54,1,10,"Junior Cycle"
"22118",5,6,13,2,8,7,2,59,1,5,"Leaving Certificate"
"22119",5,6,13,NA,9,5,2,87,1,5,"Leaving Certificate"
"22120",0,17,23,2,8,5,1,55,2,10,"Postgraduate Degree"
"22121",NA,15,20,7,4,8,1,46,1,NA,"Bachelor Degree"
"22122",6,7,14,NA,5,10,1,27,2,4,"Leaving Certificate"
"22123",8,15,18,7,4,4,2,30,1,2,"Bachelor Degree"
"22124",5,8,15,6,2,3,1,85,1,5,"Leaving Certificate"
"22125",5,6,NA,6,7,6,1,34,1,5,"Leaving Certificate"
"22126",6,2,8,1,5,9,1,78,1,4,"Junior Cycle"
"22127",5,14,18,NA,5,10,1,40,2,5,"Bachelor Degree"
"22128",6,1,6,7,4,1,1,84,1,4,"Junior Cycle"
"22129",2,15,16,10,4,7,2,43,2,8,"Bachelor Degree"
"22130",7,7,16,4,6,9,2,47,1,3,"Leaving Certificate"
"22131",7,14,18,9,6,8,1,31,1,3,"Bachelor Degree"
"22132",10,6,13,10,2,10,1,19,1,0,"Leaving Certificate"
"22133",9,17,16,7,9,8,1,43,1,1,"Postgraduate Degree"
"22134",5,14,16,7,3,5,2,46,1,5,"Bachelor Degree"
"22135",8,4,17,NA,8,6,1,76,1,2,"Junior Cycle"
"22136",10,7,14,2,0,10,1,66,1,0,"Leaving Certificate"
"22137",5,2,7,NA,3,NA,1,73,1,5,"Junior Cycle"
"22138",6,4,17,NA,5,8,2,74,1,4,"Junior Cycle"
"22139",7,16,16,8,7,9,1,65,2,3,"Postgraduate Degree"
"22140",6,12,14,4,5,6,1,46,1,4,"Advanced Certificate"
"22141",6,7,14,5,3,7,1,37,2,4,"Leaving Certificate"
"22142",5,13,23,NA,3,2,2,45,1,5,"Bachelor Degree"
"22143",7,6,13,NA,1,5,1,18,1,3,"Leaving Certificate"
"22144",7,9,13,NA,0,8,2,38,2,3,"Leaving Certificate"
"22145",6,2,10,NA,7,6,1,67,1,4,"Junior Cycle"
"22146",6,6,16,3,5,7,2,68,2,4,"Leaving Certificate"
"22147",7,14,18,NA,4,8,2,45,1,3,"Bachelor Degree"
"22148",5,17,18,6,4,8,1,78,1,5,"Postgraduate Degree"
"22149",7,8,NA,9,6,7,1,58,1,3,"Leaving Certificate"
"22150",NA,6,14,5,7,6,1,65,1,NA,"Leaving Certificate"
"22151",10,16,20,5,7,7,2,39,1,0,"Postgraduate Degree"
"22152",7,15,20,NA,8,8,1,NA,1,3,"Bachelor Degree"
"22153",5,6,14,NA,0,7,2,81,1,5,"Leaving Certificate"
"22154",4,1,5,NA,4,5,2,57,1,6,"Junior Cycle"
"22155",6,10,20,3,4,7,2,56,1,4,"Advanced Certificate"
"22156",NA,6,14,3,5,8,2,69,1,NA,"Leaving Certificate"
"22157",5,18,22,10,8,8,2,43,1,5,"Postgraduate Degree"
"22158",0,2,9,1,7,0,2,58,1,10,"Junior Cycle"
"22159",5,18,21,10,5,8,2,44,1,5,"Postgraduate Degree"
"22160",6,6,14,3,5,8,1,45,2,4,"Leaving Certificate"
"22161",3,12,16,2,5,7,2,78,2,7,"Advanced Certificate"
"22162",8,10,21,7,4,6,1,41,1,2,"Advanced Certificate"
"22163",8,17,18,8,5,8,2,62,1,2,"Postgraduate Degree"
"22164",9,3,9,4,6,6,1,72,1,1,"Junior Cycle"
"22165",6,4,10,7,8,5,2,49,1,4,"Junior Cycle"
"22166",5,2,9,1,0,10,2,80,1,5,"Junior Cycle"
"22167",6,5,13,NA,9,NA,2,47,2,4,"Leaving Certificate"
"22168",6,6,13,NA,2,8,2,54,1,4,"Leaving Certificate"
"22169",5,7,15,3,5,9,1,26,1,5,"Leaving Certificate"
"22170",8,16,18,3,4,8,2,26,1,2,"Postgraduate Degree"
"22171",3,15,16,5,6,8,2,32,1,7,"Bachelor Degree"
"22172",5,16,16,NA,5,10,2,49,1,5,"Postgraduate Degree"
"22173",0,6,18,NA,4,10,1,47,1,10,"Leaving Certificate"
"22174",8,7,13,NA,5,7,1,62,1,2,"Leaving Certificate"
"22175",5,11,14,9,NA,10,1,37,2,5,"Advanced Certificate"
"22176",NA,9,14,NA,NA,8,1,23,2,NA,"Leaving Certificate"
"22177",5,6,17,10,3,7,1,62,1,5,"Leaving Certificate"
"22178",8,13,16,5,3,8,1,67,1,2,"Bachelor Degree"
"22179",5,14,19,NA,4,10,2,42,1,5,"Bachelor Degree"
"22180",8,16,20,NA,7,8,2,26,2,2,"Postgraduate Degree"
"22181",5,9,15,2,5,7,1,48,1,5,"Leaving Certificate"
"22182",5,14,18,NA,4,5,2,44,1,5,"Bachelor Degree"
"22183",9,18,20,2,6,8,2,75,1,1,"Postgraduate Degree"
"22184",6,15,16,1,5,10,2,69,1,4,"Bachelor Degree"
"22185",2,7,18,NA,5,3,1,24,1,8,"Leaving Certificate"
"22186",8,2,9,3,5,10,1,82,1,2,"Junior Cycle"
"22187",8,6,16,NA,2,9,1,25,2,2,"Leaving Certificate"
"22188",3,2,7,6,2,2,1,78,1,7,"Junior Cycle"
"22189",7,16,18,6,5,8,2,45,1,3,"Postgraduate Degree"
"22190",6,10,NA,6,4,6,1,46,1,4,"Advanced Certificate"
"22191",9,14,18,9,7,9,1,28,1,1,"Bachelor Degree"
"22192",7,3,11,1,4,7,2,72,1,3,"Junior Cycle"
"22193",2,12,NA,NA,5,5,1,50,1,8,"Advanced Certificate"
"22194",5,7,14,NA,0,5,1,82,1,5,"Leaving Certificate"
"22195",7,13,16,NA,7,7,1,62,1,3,"Bachelor Degree"
"22196",5,5,9,2,5,5,2,71,1,5,"Leaving Certificate"
"22197",3,17,24,NA,1,6,1,28,2,7,"Postgraduate Degree"
"22198",4,6,13,NA,6,5,2,76,1,6,"Leaving Certificate"
"22199",5,18,29,1,5,7,1,49,1,5,"Postgraduate Degree"
"22200",9,7,14,6,0,2,1,65,1,1,"Leaving Certificate"
"22201",NA,9,15,NA,5,4,2,42,1,NA,"Leaving Certificate"
"22202",2,12,13,NA,4,4,1,20,1,8,"Advanced Certificate"
"22203",7,15,16,6,5,7,2,40,1,3,"Bachelor Degree"
"22204",6,6,14,3,NA,4,1,43,1,4,"Leaving Certificate"
"22205",5,17,21,7,0,8,2,52,1,5,"Postgraduate Degree"
"22206",6,4,14,3,6,2,1,51,1,4,"Junior Cycle"
"22207",5,1,6,NA,7,0,2,90,1,5,"Junior Cycle"
"22208",NA,12,14,9,3,8,2,54,1,NA,"Advanced Certificate"
"22209",7,3,11,3,2,8,2,56,1,3,"Junior Cycle"
"22210",1,6,14,3,3,7,2,37,1,9,"Leaving Certificate"
"22211",5,7,13,NA,7,5,2,44,1,5,"Leaving Certificate"
"22212",9,6,14,3,5,8,2,62,1,1,"Leaving Certificate"
"22213",8,17,19,10,7,9,2,68,1,2,"Postgraduate Degree"
"22214",8,3,14,2,9,9,1,63,1,2,"Junior Cycle"
"22215",8,2,8,1,4,8,2,NA,1,2,"Junior Cycle"
"22216",6,3,8,6,5,8,2,59,1,4,"Junior Cycle"
"22217",7,7,13,3,2,6,2,36,1,3,"Leaving Certificate"
"22218",5,6,17,2,1,7,1,80,1,5,"Leaving Certificate"
"22219",6,13,15,5,3,5,1,35,1,4,"Bachelor Degree"
"22220",8,9,15,6,5,9,1,39,1,2,"Leaving Certificate"
"22221",7,1,6,3,0,6,1,61,1,3,"Junior Cycle"
"22222",6,14,20,8,8,8,1,75,1,4,"Bachelor Degree"
"22223",10,6,15,5,9,7,1,82,1,0,"Leaving Certificate"
"22224",6,10,16,NA,8,3,2,47,2,4,"Advanced Certificate"
"22225",6,2,10,5,8,4,2,81,1,4,"Junior Cycle"
"22226",6,3,8,NA,1,NA,2,58,2,4,"Junior Cycle"
"22227",8,7,15,4,1,8,2,28,1,2,"Leaving Certificate"
"22228",7,6,14,NA,4,8,1,65,1,3,"Leaving Certificate"
"22229",6,7,NA,NA,0,0,1,33,1,4,"Leaving Certificate"
"22230",10,15,18,7,6,7,2,37,1,0,"Bachelor Degree"
"22231",8,14,17,6,7,7,1,71,1,2,"Bachelor Degree"
"22232",3,17,19,8,1,7,2,45,1,7,"Postgraduate Degree"
"22233",5,12,21,4,6,6,2,78,1,5,"Advanced Certificate"
"22234",NA,3,12,2,3,6,2,47,2,NA,"Junior Cycle"
"22235",8,17,25,9,2,7,1,32,1,2,"Postgraduate Degree"
"22236",4,17,18,NA,3,6,2,44,1,6,"Postgraduate Degree"
"22237",6,17,20,4,5,7,2,60,1,4,"Postgraduate Degree"
"22238",7,6,13,5,4,5,2,68,1,3,"Leaving Certificate"
"22239",NA,1,5,NA,3,0,1,74,1,NA,"Junior Cycle"
"22240",7,2,7,1,0,8,2,73,1,3,"Junior Cycle"
"22241",6,3,11,NA,5,6,2,76,1,4,"Junior Cycle"
"22242",5,15,17,8,5,10,2,39,1,5,"Bachelor Degree"
"22243",8,12,13,7,0,5,2,52,1,2,"Advanced Certificate"
"22244",5,6,14,1,0,9,2,51,1,5,"Leaving Certificate"
"22245",7,16,22,6,3,7,1,62,1,3,"Postgraduate Degree"
"22246",5,2,8,1,3,8,2,71,1,5,"Junior Cycle"
"22247",8,13,14,NA,0,10,2,59,2,2,"Bachelor Degree"
"22248",0,4,8,NA,1,9,1,70,1,10,"Junior Cycle"
"22249",4,12,18,3,6,5,2,60,1,6,"Advanced Certificate"
"22250",9,3,12,NA,5,8,2,65,1,1,"Junior Cycle"
"22251",7,14,19,7,5,10,2,45,1,3,"Bachelor Degree"
"22252",3,13,16,NA,0,5,1,40,2,7,"Bachelor Degree"
"22253",5,10,14,7,7,4,1,54,1,5,"Advanced Certificate"
"22254",3,14,19,2,1,8,2,65,1,7,"Bachelor Degree"
"22255",NA,12,16,3,5,6,2,62,1,NA,"Advanced Certificate"
"22256",5,9,17,6,5,7,1,50,1,5,"Leaving Certificate"
"22257",4,13,16,10,0,7,2,47,1,6,"Bachelor Degree"
"22258",NA,5,12,3,5,10,1,46,2,NA,"Leaving Certificate"
"22259",7,17,19,9,7,10,1,38,1,3,"Postgraduate Degree"
"22260",4,14,21,4,4,7,2,56,2,6,"Bachelor Degree"
"22261",7,3,14,2,1,5,2,80,2,3,"Junior Cycle"
"22262",1,12,15,7,6,8,2,70,1,9,"Advanced Certificate"
"22263",4,17,17,NA,8,6,2,41,1,6,"Postgraduate Degree"
"22264",7,14,18,9,5,8,2,42,1,3,"Bachelor Degree"
"22265",5,17,17,NA,0,6,1,48,1,5,"Postgraduate Degree"
"22266",10,1,10,NA,NA,10,2,51,1,0,"Junior Cycle"
"22267",5,13,15,NA,7,7,2,53,1,5,"Bachelor Degree"
"22268",9,3,14,2,1,7,2,NA,1,1,"Junior Cycle"
"22269",0,17,17,2,7,8,2,43,2,10,"Postgraduate Degree"
"22270",3,7,20,6,5,5,2,43,1,7,"Leaving Certificate"
"22271",5,3,11,NA,5,7,1,60,1,5,"Junior Cycle"
"22272",0,2,8,NA,0,NA,1,65,1,10,"Junior Cycle"
"22273",7,17,21,NA,5,7,1,51,2,3,"Postgraduate Degree"
"22274",6,6,13,7,0,8,2,54,2,4,"Leaving Certificate"
"22275",4,6,13,2,3,6,1,NA,1,6,"Leaving Certificate"
"22276",8,3,12,3,0,9,2,45,1,2,"Junior Cycle"
"22277",8,2,10,2,2,8,1,62,1,2,"Junior Cycle"
"22278",10,17,19,NA,3,8,2,42,1,0,"Postgraduate Degree"
"22279",3,17,18,8,5,8,1,34,1,7,"Postgraduate Degree"
"22280",5,15,19,8,7,10,1,NA,1,5,"Bachelor Degree"
"22281",4,4,14,5,2,6,2,40,1,6,"Junior Cycle"
"22282",7,17,18,10,3,5,2,54,2,3,"Postgraduate Degree"
"22283",5,6,13,5,3,8,2,37,1,5,"Leaving Certificate"
"22284",9,3,11,3,9,8,2,58,1,1,"Junior Cycle"
"22285",9,17,18,4,6,7,1,22,2,1,"Postgraduate Degree"
"22286",3,10,13,NA,NA,6,2,21,1,7,"Advanced Certificate"
"22287",5,3,11,4,6,8,2,18,2,5,"Junior Cycle"
"22288",5,17,18,4,3,10,1,73,1,5,"Postgraduate Degree"
"22289",1,3,17,NA,2,7,1,18,1,9,"Junior Cycle"
"22290",9,6,13,4,5,8,1,38,2,1,"Leaving Certificate"
"22291",5,12,17,8,5,5,2,49,1,5,"Advanced Certificate"
"22292",NA,13,16,NA,0,7,2,47,2,NA,"Bachelor Degree"
"22293",8,8,17,NA,7,8,1,68,1,2,"Leaving Certificate"
"22294",4,5,12,NA,6,3,2,71,2,6,"Leaving Certificate"
"22295",10,8,14,1,7,8,2,29,2,0,"Leaving Certificate"
"22296",7,11,14,5,3,9,1,70,1,3,"Advanced Certificate"
"22297",8,17,19,NA,8,6,2,26,1,2,"Postgraduate Degree"
"22298",8,6,15,4,5,10,2,29,2,2,"Leaving Certificate"
"22299",2,3,11,3,3,4,1,57,1,8,"Junior Cycle"
"22300",7,17,17,8,5,8,2,33,2,3,"Postgraduate Degree"
"22301",8,14,18,8,5,7,1,71,1,2,"Bachelor Degree"
"22302",2,14,16,NA,6,7,1,79,1,8,"Bachelor Degree"
"22303",10,6,13,7,7,9,2,68,1,0,"Leaving Certificate"
"22304",5,4,14,NA,0,6,2,40,1,5,"Junior Cycle"
"22305",8,6,13,NA,0,3,2,39,1,2,"Leaving Certificate"
"22306",2,2,10,1,8,5,2,82,1,8,"Junior Cycle"
"22307",5,6,14,7,4,5,2,26,1,5,"Leaving Certificate"
"22308",8,3,13,NA,2,5,1,18,1,2,"Junior Cycle"
"22309",3,6,13,2,4,5,1,50,1,7,"Leaving Certificate"
"22310",2,13,19,NA,0,1,2,34,1,8,"Bachelor Degree"
"22311",5,17,20,9,5,5,2,58,1,5,"Postgraduate Degree"
"22312",10,14,16,8,0,9,2,28,2,0,"Bachelor Degree"
"22313",7,14,18,10,6,6,2,44,1,3,"Bachelor Degree"
